BR,IF,D,0.01,0.03,760.0, 4/24/2026
BR,VVS1,D,0.01,0.03,760.0, 4/24/2026
BR,VVS2,D,0.01,0.03,760.0, 4/24/2026
BR,VS1,D,0.01,0.03,670.0, 4/24/2026
BR,VS2,D,0.01,0.03,670.0, 4/24/2026
BR,SI1,D,0.01,0.03,560.0, 4/24/2026
BR,SI2,D,0.01,0.03,490.0, 4/24/2026
BR,SI3,D,0.01,0.03,430.0, 4/24/2026
BR,I1,D,0.01,0.03,380.0, 4/24/2026
BR,I2,D,0.01,0.03,320.0, 4/24/2026
BR,I3,D,0.01,0.03,260.0, 4/24/2026
BR,IF,E,0.01,0.03,760.0, 4/24/2026
BR,VVS1,E,0.01,0.03,760.0, 4/24/2026
BR,VVS2,E,0.01,0.03,760.0, 4/24/2026
BR,VS1,E,0.01,0.03,670.0, 4/24/2026
BR,VS2,E,0.01,0.03,670.0, 4/24/2026
BR,SI1,E,0.01,0.03,560.0, 4/24/2026
BR,SI2,E,0.01,0.03,490.0, 4/24/2026
BR,SI3,E,0.01,0.03,430.0, 4/24/2026
BR,I1,E,0.01,0.03,380.0, 4/24/2026
BR,I2,E,0.01,0.03,320.0, 4/24/2026
BR,I3,E,0.01,0.03,260.0, 4/24/2026
BR,IF,F,0.01,0.03,760.0, 4/24/2026
BR,VVS1,F,0.01,0.03,760.0, 4/24/2026
BR,VVS2,F,0.01,0.03,760.0, 4/24/2026
BR,VS1,F,0.01,0.03,670.0, 4/24/2026
BR,VS2,F,0.01,0.03,670.0, 4/24/2026
BR,SI1,F,0.01,0.03,560.0, 4/24/2026
BR,SI2,F,0.01,0.03,490.0, 4/24/2026
BR,SI3,F,0.01,0.03,430.0, 4/24/2026
BR,I1,F,0.01,0.03,380.0, 4/24/2026
BR,I2,F,0.01,0.03,320.0, 4/24/2026
BR,I3,F,0.01,0.03,260.0, 4/24/2026
BR,IF,G,0.01,0.03,660.0, 4/24/2026
BR,VVS1,G,0.01,0.03,660.0, 4/24/2026
BR,VVS2,G,0.01,0.03,660.0, 4/24/2026
BR,VS1,G,0.01,0.03,590.0, 4/24/2026
BR,VS2,G,0.01,0.03,590.0, 4/24/2026
BR,SI1,G,0.01,0.03,500.0, 4/24/2026
BR,SI2,G,0.01,0.03,440.0, 4/24/2026
BR,SI3,G,0.01,0.03,390.0, 4/24/2026
BR,I1,G,0.01,0.03,340.0, 4/24/2026
BR,I2,G,0.01,0.03,290.0, 4/24/2026
BR,I3,G,0.01,0.03,240.0, 4/24/2026
BR,IF,H,0.01,0.03,660.0, 4/24/2026
BR,VVS1,H,0.01,0.03,660.0, 4/24/2026
BR,VVS2,H,0.01,0.03,660.0, 4/24/2026
BR,VS1,H,0.01,0.03,590.0, 4/24/2026
BR,VS2,H,0.01,0.03,590.0, 4/24/2026
BR,SI1,H,0.01,0.03,500.0, 4/24/2026
BR,SI2,H,0.01,0.03,440.0, 4/24/2026
BR,SI3,H,0.01,0.03,390.0, 4/24/2026
BR,I1,H,0.01,0.03,340.0, 4/24/2026
BR,I2,H,0.01,0.03,290.0, 4/24/2026
BR,I3,H,0.01,0.03,240.0, 4/24/2026
BR,IF,I,0.01,0.03,570.0, 4/24/2026
BR,VVS1,I,0.01,0.03,570.0, 4/24/2026
BR,VVS2,I,0.01,0.03,570.0, 4/24/2026
BR,VS1,I,0.01,0.03,510.0, 4/24/2026
BR,VS2,I,0.01,0.03,510.0, 4/24/2026
BR,SI1,I,0.01,0.03,430.0, 4/24/2026
BR,SI2,I,0.01,0.03,390.0, 4/24/2026
BR,SI3,I,0.01,0.03,350.0, 4/24/2026
BR,I1,I,0.01,0.03,310.0, 4/24/2026
BR,I2,I,0.01,0.03,260.0, 4/24/2026
BR,I3,I,0.01,0.03,220.0, 4/24/2026
BR,IF,J,0.01,0.03,570.0, 4/24/2026
BR,VVS1,J,0.01,0.03,570.0, 4/24/2026
BR,VVS2,J,0.01,0.03,570.0, 4/24/2026
BR,VS1,J,0.01,0.03,510.0, 4/24/2026
BR,VS2,J,0.01,0.03,510.0, 4/24/2026
BR,SI1,J,0.01,0.03,430.0, 4/24/2026
BR,SI2,J,0.01,0.03,390.0, 4/24/2026
BR,SI3,J,0.01,0.03,350.0, 4/24/2026
BR,I1,J,0.01,0.03,310.0, 4/24/2026
BR,I2,J,0.01,0.03,260.0, 4/24/2026
BR,I3,J,0.01,0.03,220.0, 4/24/2026
BR,IF,K,0.01,0.03,400.0, 4/24/2026
BR,VVS1,K,0.01,0.03,400.0, 4/24/2026
BR,VVS2,K,0.01,0.03,400.0, 4/24/2026
BR,VS1,K,0.01,0.03,360.0, 4/24/2026
BR,VS2,K,0.01,0.03,360.0, 4/24/2026
BR,SI1,K,0.01,0.03,310.0, 4/24/2026
BR,SI2,K,0.01,0.03,280.0, 4/24/2026
BR,SI3,K,0.01,0.03,250.0, 4/24/2026
BR,I1,K,0.01,0.03,220.0, 4/24/2026
BR,I2,K,0.01,0.03,180.0, 4/24/2026
BR,I3,K,0.01,0.03,150.0, 4/24/2026
BR,IF,L,0.01,0.03,400.0, 4/24/2026
BR,VVS1,L,0.01,0.03,400.0, 4/24/2026
BR,VVS2,L,0.01,0.03,400.0, 4/24/2026
BR,VS1,L,0.01,0.03,360.0, 4/24/2026
BR,VS2,L,0.01,0.03,360.0, 4/24/2026
BR,SI1,L,0.01,0.03,310.0, 4/24/2026
BR,SI2,L,0.01,0.03,280.0, 4/24/2026
BR,SI3,L,0.01,0.03,250.0, 4/24/2026
BR,I1,L,0.01,0.03,220.0, 4/24/2026
BR,I2,L,0.01,0.03,180.0, 4/24/2026
BR,I3,L,0.01,0.03,150.0, 4/24/2026
BR,IF,M,0.01,0.03,270.0, 4/24/2026
BR,VVS1,M,0.01,0.03,270.0, 4/24/2026
BR,VVS2,M,0.01,0.03,270.0, 4/24/2026
BR,VS1,M,0.01,0.03,240.0, 4/24/2026
BR,VS2,M,0.01,0.03,240.0, 4/24/2026
BR,SI1,M,0.01,0.03,210.0, 4/24/2026
BR,SI2,M,0.01,0.03,190.0, 4/24/2026
BR,SI3,M,0.01,0.03,170.0, 4/24/2026
BR,I1,M,0.01,0.03,150.0, 4/24/2026
BR,I2,M,0.01,0.03,130.0, 4/24/2026
BR,I3,M,0.01,0.03,110.0, 4/24/2026
BR,IF,N,0.01,0.03,270.0, 4/24/2026
BR,VVS1,N,0.01,0.03,270.0, 4/24/2026
BR,VVS2,N,0.01,0.03,270.0, 4/24/2026
BR,VS1,N,0.01,0.03,240.0, 4/24/2026
BR,VS2,N,0.01,0.03,240.0, 4/24/2026
BR,SI1,N,0.01,0.03,210.0, 4/24/2026
BR,SI2,N,0.01,0.03,190.0, 4/24/2026
BR,SI3,N,0.01,0.03,170.0, 4/24/2026
BR,I1,N,0.01,0.03,150.0, 4/24/2026
BR,I2,N,0.01,0.03,130.0, 4/24/2026
BR,I3,N,0.01,0.03,110.0, 4/24/2026
BR,IF,D,0.04,0.07,860.0, 4/24/2026
BR,VVS1,D,0.04,0.07,860.0, 4/24/2026
BR,VVS2,D,0.04,0.07,860.0, 4/24/2026
BR,VS1,D,0.04,0.07,750.0, 4/24/2026
BR,VS2,D,0.04,0.07,750.0, 4/24/2026
BR,SI1,D,0.04,0.07,660.0, 4/24/2026
BR,SI2,D,0.04,0.07,570.0, 4/24/2026
BR,SI3,D,0.04,0.07,510.0, 4/24/2026
BR,I1,D,0.04,0.07,450.0, 4/24/2026
BR,I2,D,0.04,0.07,370.0, 4/24/2026
BR,I3,D,0.04,0.07,290.0, 4/24/2026
BR,IF,E,0.04,0.07,860.0, 4/24/2026
BR,VVS1,E,0.04,0.07,860.0, 4/24/2026
BR,VVS2,E,0.04,0.07,860.0, 4/24/2026
BR,VS1,E,0.04,0.07,750.0, 4/24/2026
BR,VS2,E,0.04,0.07,750.0, 4/24/2026
BR,SI1,E,0.04,0.07,660.0, 4/24/2026
BR,SI2,E,0.04,0.07,570.0, 4/24/2026
BR,SI3,E,0.04,0.07,510.0, 4/24/2026
BR,I1,E,0.04,0.07,450.0, 4/24/2026
BR,I2,E,0.04,0.07,370.0, 4/24/2026
BR,I3,E,0.04,0.07,290.0, 4/24/2026
BR,IF,F,0.04,0.07,860.0, 4/24/2026
BR,VVS1,F,0.04,0.07,860.0, 4/24/2026
BR,VVS2,F,0.04,0.07,860.0, 4/24/2026
BR,VS1,F,0.04,0.07,750.0, 4/24/2026
BR,VS2,F,0.04,0.07,750.0, 4/24/2026
BR,SI1,F,0.04,0.07,660.0, 4/24/2026
BR,SI2,F,0.04,0.07,570.0, 4/24/2026
BR,SI3,F,0.04,0.07,510.0, 4/24/2026
BR,I1,F,0.04,0.07,450.0, 4/24/2026
BR,I2,F,0.04,0.07,370.0, 4/24/2026
BR,I3,F,0.04,0.07,290.0, 4/24/2026
BR,IF,G,0.04,0.07,710.0, 4/24/2026
BR,VVS1,G,0.04,0.07,710.0, 4/24/2026
BR,VVS2,G,0.04,0.07,710.0, 4/24/2026
BR,VS1,G,0.04,0.07,640.0, 4/24/2026
BR,VS2,G,0.04,0.07,640.0, 4/24/2026
BR,SI1,G,0.04,0.07,570.0, 4/24/2026
BR,SI2,G,0.04,0.07,500.0, 4/24/2026
BR,SI3,G,0.04,0.07,450.0, 4/24/2026
BR,I1,G,0.04,0.07,400.0, 4/24/2026
BR,I2,G,0.04,0.07,330.0, 4/24/2026
BR,I3,G,0.04,0.07,260.0, 4/24/2026
BR,IF,H,0.04,0.07,710.0, 4/24/2026
BR,VVS1,H,0.04,0.07,710.0, 4/24/2026
BR,VVS2,H,0.04,0.07,710.0, 4/24/2026
BR,VS1,H,0.04,0.07,640.0, 4/24/2026
BR,VS2,H,0.04,0.07,640.0, 4/24/2026
BR,SI1,H,0.04,0.07,570.0, 4/24/2026
BR,SI2,H,0.04,0.07,500.0, 4/24/2026
BR,SI3,H,0.04,0.07,450.0, 4/24/2026
BR,I1,H,0.04,0.07,400.0, 4/24/2026
BR,I2,H,0.04,0.07,330.0, 4/24/2026
BR,I3,H,0.04,0.07,260.0, 4/24/2026
BR,IF,I,0.04,0.07,600.0, 4/24/2026
BR,VVS1,I,0.04,0.07,600.0, 4/24/2026
BR,VVS2,I,0.04,0.07,600.0, 4/24/2026
BR,VS1,I,0.04,0.07,540.0, 4/24/2026
BR,VS2,I,0.04,0.07,540.0, 4/24/2026
BR,SI1,I,0.04,0.07,470.0, 4/24/2026
BR,SI2,I,0.04,0.07,420.0, 4/24/2026
BR,SI3,I,0.04,0.07,380.0, 4/24/2026
BR,I1,I,0.04,0.07,340.0, 4/24/2026
BR,I2,I,0.04,0.07,280.0, 4/24/2026
BR,I3,I,0.04,0.07,230.0, 4/24/2026
BR,IF,J,0.04,0.07,600.0, 4/24/2026
BR,VVS1,J,0.04,0.07,600.0, 4/24/2026
BR,VVS2,J,0.04,0.07,600.0, 4/24/2026
BR,VS1,J,0.04,0.07,540.0, 4/24/2026
BR,VS2,J,0.04,0.07,540.0, 4/24/2026
BR,SI1,J,0.04,0.07,470.0, 4/24/2026
BR,SI2,J,0.04,0.07,420.0, 4/24/2026
BR,SI3,J,0.04,0.07,380.0, 4/24/2026
BR,I1,J,0.04,0.07,340.0, 4/24/2026
BR,I2,J,0.04,0.07,280.0, 4/24/2026
BR,I3,J,0.04,0.07,230.0, 4/24/2026
BR,IF,K,0.04,0.07,430.0, 4/24/2026
BR,VVS1,K,0.04,0.07,430.0, 4/24/2026
BR,VVS2,K,0.04,0.07,430.0, 4/24/2026
BR,VS1,K,0.04,0.07,390.0, 4/24/2026
BR,VS2,K,0.04,0.07,390.0, 4/24/2026
BR,SI1,K,0.04,0.07,340.0, 4/24/2026
BR,SI2,K,0.04,0.07,300.0, 4/24/2026
BR,SI3,K,0.04,0.07,270.0, 4/24/2026
BR,I1,K,0.04,0.07,240.0, 4/24/2026
BR,I2,K,0.04,0.07,200.0, 4/24/2026
BR,I3,K,0.04,0.07,160.0, 4/24/2026
BR,IF,L,0.04,0.07,430.0, 4/24/2026
BR,VVS1,L,0.04,0.07,430.0, 4/24/2026
BR,VVS2,L,0.04,0.07,430.0, 4/24/2026
BR,VS1,L,0.04,0.07,390.0, 4/24/2026
BR,VS2,L,0.04,0.07,390.0, 4/24/2026
BR,SI1,L,0.04,0.07,340.0, 4/24/2026
BR,SI2,L,0.04,0.07,300.0, 4/24/2026
BR,SI3,L,0.04,0.07,270.0, 4/24/2026
BR,I1,L,0.04,0.07,240.0, 4/24/2026
BR,I2,L,0.04,0.07,200.0, 4/24/2026
BR,I3,L,0.04,0.07,160.0, 4/24/2026
BR,IF,M,0.04,0.07,290.0, 4/24/2026
BR,VVS1,M,0.04,0.07,290.0, 4/24/2026
BR,VVS2,M,0.04,0.07,290.0, 4/24/2026
BR,VS1,M,0.04,0.07,260.0, 4/24/2026
BR,VS2,M,0.04,0.07,260.0, 4/24/2026
BR,SI1,M,0.04,0.07,230.0, 4/24/2026
BR,SI2,M,0.04,0.07,200.0, 4/24/2026
BR,SI3,M,0.04,0.07,180.0, 4/24/2026
BR,I1,M,0.04,0.07,160.0, 4/24/2026
BR,I2,M,0.04,0.07,140.0, 4/24/2026
BR,I3,M,0.04,0.07,120.0, 4/24/2026
BR,IF,N,0.04,0.07,290.0, 4/24/2026
BR,VVS1,N,0.04,0.07,290.0, 4/24/2026
BR,VVS2,N,0.04,0.07,290.0, 4/24/2026
BR,VS1,N,0.04,0.07,260.0, 4/24/2026
BR,VS2,N,0.04,0.07,260.0, 4/24/2026
BR,SI1,N,0.04,0.07,230.0, 4/24/2026
BR,SI2,N,0.04,0.07,200.0, 4/24/2026
BR,SI3,N,0.04,0.07,180.0, 4/24/2026
BR,I1,N,0.04,0.07,160.0, 4/24/2026
BR,I2,N,0.04,0.07,140.0, 4/24/2026
BR,I3,N,0.04,0.07,120.0, 4/24/2026
BR,IF,D,0.08,0.14,1010.0, 4/24/2026
BR,VVS1,D,0.08,0.14,1010.0, 4/24/2026
BR,VVS2,D,0.08,0.14,1010.0, 4/24/2026
BR,VS1,D,0.08,0.14,910.0, 4/24/2026
BR,VS2,D,0.08,0.14,910.0, 4/24/2026
BR,SI1,D,0.08,0.14,810.0, 4/24/2026
BR,SI2,D,0.08,0.14,720.0, 4/24/2026
BR,SI3,D,0.08,0.14,630.0, 4/24/2026
BR,I1,D,0.08,0.14,520.0, 4/24/2026
BR,I2,D,0.08,0.14,440.0, 4/24/2026
BR,I3,D,0.08,0.14,370.0, 4/24/2026
BR,IF,E,0.08,0.14,1010.0, 4/24/2026
BR,VVS1,E,0.08,0.14,1010.0, 4/24/2026
BR,VVS2,E,0.08,0.14,1010.0, 4/24/2026
BR,VS1,E,0.08,0.14,910.0, 4/24/2026
BR,VS2,E,0.08,0.14,910.0, 4/24/2026
BR,SI1,E,0.08,0.14,810.0, 4/24/2026
BR,SI2,E,0.08,0.14,720.0, 4/24/2026
BR,SI3,E,0.08,0.14,630.0, 4/24/2026
BR,I1,E,0.08,0.14,520.0, 4/24/2026
BR,I2,E,0.08,0.14,440.0, 4/24/2026
BR,I3,E,0.08,0.14,370.0, 4/24/2026
BR,IF,F,0.08,0.14,1010.0, 4/24/2026
BR,VVS1,F,0.08,0.14,1010.0, 4/24/2026
BR,VVS2,F,0.08,0.14,1010.0, 4/24/2026
BR,VS1,F,0.08,0.14,910.0, 4/24/2026
BR,VS2,F,0.08,0.14,910.0, 4/24/2026
BR,SI1,F,0.08,0.14,810.0, 4/24/2026
BR,SI2,F,0.08,0.14,720.0, 4/24/2026
BR,SI3,F,0.08,0.14,630.0, 4/24/2026
BR,I1,F,0.08,0.14,520.0, 4/24/2026
BR,I2,F,0.08,0.14,440.0, 4/24/2026
BR,I3,F,0.08,0.14,370.0, 4/24/2026
BR,IF,G,0.08,0.14,840.0, 4/24/2026
BR,VVS1,G,0.08,0.14,840.0, 4/24/2026
BR,VVS2,G,0.08,0.14,840.0, 4/24/2026
BR,VS1,G,0.08,0.14,770.0, 4/24/2026
BR,VS2,G,0.08,0.14,770.0, 4/24/2026
BR,SI1,G,0.08,0.14,700.0, 4/24/2026
BR,SI2,G,0.08,0.14,630.0, 4/24/2026
BR,SI3,G,0.08,0.14,550.0, 4/24/2026
BR,I1,G,0.08,0.14,460.0, 4/24/2026
BR,I2,G,0.08,0.14,380.0, 4/24/2026
BR,I3,G,0.08,0.14,320.0, 4/24/2026
BR,IF,H,0.08,0.14,840.0, 4/24/2026
BR,VVS1,H,0.08,0.14,840.0, 4/24/2026
BR,VVS2,H,0.08,0.14,840.0, 4/24/2026
BR,VS1,H,0.08,0.14,770.0, 4/24/2026
BR,VS2,H,0.08,0.14,770.0, 4/24/2026
BR,SI1,H,0.08,0.14,700.0, 4/24/2026
BR,SI2,H,0.08,0.14,630.0, 4/24/2026
BR,SI3,H,0.08,0.14,550.0, 4/24/2026
BR,I1,H,0.08,0.14,460.0, 4/24/2026
BR,I2,H,0.08,0.14,380.0, 4/24/2026
BR,I3,H,0.08,0.14,320.0, 4/24/2026
BR,IF,I,0.08,0.14,700.0, 4/24/2026
BR,VVS1,I,0.08,0.14,700.0, 4/24/2026
BR,VVS2,I,0.08,0.14,700.0, 4/24/2026
BR,VS1,I,0.08,0.14,640.0, 4/24/2026
BR,VS2,I,0.08,0.14,640.0, 4/24/2026
BR,SI1,I,0.08,0.14,580.0, 4/24/2026
BR,SI2,I,0.08,0.14,520.0, 4/24/2026
BR,SI3,I,0.08,0.14,450.0, 4/24/2026
BR,I1,I,0.08,0.14,400.0, 4/24/2026
BR,I2,I,0.08,0.14,330.0, 4/24/2026
BR,I3,I,0.08,0.14,280.0, 4/24/2026
BR,IF,J,0.08,0.14,700.0, 4/24/2026
BR,VVS1,J,0.08,0.14,700.0, 4/24/2026
BR,VVS2,J,0.08,0.14,700.0, 4/24/2026
BR,VS1,J,0.08,0.14,640.0, 4/24/2026
BR,VS2,J,0.08,0.14,640.0, 4/24/2026
BR,SI1,J,0.08,0.14,580.0, 4/24/2026
BR,SI2,J,0.08,0.14,520.0, 4/24/2026
BR,SI3,J,0.08,0.14,450.0, 4/24/2026
BR,I1,J,0.08,0.14,400.0, 4/24/2026
BR,I2,J,0.08,0.14,330.0, 4/24/2026
BR,I3,J,0.08,0.14,280.0, 4/24/2026
BR,IF,K,0.08,0.14,540.0, 4/24/2026
BR,VVS1,K,0.08,0.14,540.0, 4/24/2026
BR,VVS2,K,0.08,0.14,540.0, 4/24/2026
BR,VS1,K,0.08,0.14,490.0, 4/24/2026
BR,VS2,K,0.08,0.14,490.0, 4/24/2026
BR,SI1,K,0.08,0.14,430.0, 4/24/2026
BR,SI2,K,0.08,0.14,380.0, 4/24/2026
BR,SI3,K,0.08,0.14,340.0, 4/24/2026
BR,I1,K,0.08,0.14,300.0, 4/24/2026
BR,I2,K,0.08,0.14,250.0, 4/24/2026
BR,I3,K,0.08,0.14,200.0, 4/24/2026
BR,IF,L,0.08,0.14,540.0, 4/24/2026
BR,VVS1,L,0.08,0.14,540.0, 4/24/2026
BR,VVS2,L,0.08,0.14,540.0, 4/24/2026
BR,VS1,L,0.08,0.14,490.0, 4/24/2026
BR,VS2,L,0.08,0.14,490.0, 4/24/2026
BR,SI1,L,0.08,0.14,430.0, 4/24/2026
BR,SI2,L,0.08,0.14,380.0, 4/24/2026
BR,SI3,L,0.08,0.14,340.0, 4/24/2026
BR,I1,L,0.08,0.14,300.0, 4/24/2026
BR,I2,L,0.08,0.14,250.0, 4/24/2026
BR,I3,L,0.08,0.14,200.0, 4/24/2026
BR,IF,M,0.08,0.14,380.0, 4/24/2026
BR,VVS1,M,0.08,0.14,380.0, 4/24/2026
BR,VVS2,M,0.08,0.14,380.0, 4/24/2026
BR,VS1,M,0.08,0.14,340.0, 4/24/2026
BR,VS2,M,0.08,0.14,340.0, 4/24/2026
BR,SI1,M,0.08,0.14,300.0, 4/24/2026
BR,SI2,M,0.08,0.14,260.0, 4/24/2026
BR,SI3,M,0.08,0.14,230.0, 4/24/2026
BR,I1,M,0.08,0.14,200.0, 4/24/2026
BR,I2,M,0.08,0.14,170.0, 4/24/2026
BR,I3,M,0.08,0.14,140.0, 4/24/2026
BR,IF,N,0.08,0.14,380.0, 4/24/2026
BR,VVS1,N,0.08,0.14,380.0, 4/24/2026
BR,VVS2,N,0.08,0.14,380.0, 4/24/2026
BR,VS1,N,0.08,0.14,340.0, 4/24/2026
BR,VS2,N,0.08,0.14,340.0, 4/24/2026
BR,SI1,N,0.08,0.14,300.0, 4/24/2026
BR,SI2,N,0.08,0.14,260.0, 4/24/2026
BR,SI3,N,0.08,0.14,230.0, 4/24/2026
BR,I1,N,0.08,0.14,200.0, 4/24/2026
BR,I2,N,0.08,0.14,170.0, 4/24/2026
BR,I3,N,0.08,0.14,140.0, 4/24/2026
BR,IF,D,0.15,0.17,1130.0, 4/24/2026
BR,VVS1,D,0.15,0.17,1130.0, 4/24/2026
BR,VVS2,D,0.15,0.17,1130.0, 4/24/2026
BR,VS1,D,0.15,0.17,1000.0, 4/24/2026
BR,VS2,D,0.15,0.17,1000.0, 4/24/2026
BR,SI1,D,0.15,0.17,880.0, 4/24/2026
BR,SI2,D,0.15,0.17,770.0, 4/24/2026
BR,SI3,D,0.15,0.17,680.0, 4/24/2026
BR,I1,D,0.15,0.17,580.0, 4/24/2026
BR,I2,D,0.15,0.17,480.0, 4/24/2026
BR,I3,D,0.15,0.17,400.0, 4/24/2026
BR,IF,E,0.15,0.17,1130.0, 4/24/2026
BR,VVS1,E,0.15,0.17,1130.0, 4/24/2026
BR,VVS2,E,0.15,0.17,1130.0, 4/24/2026
BR,VS1,E,0.15,0.17,1000.0, 4/24/2026
BR,VS2,E,0.15,0.17,1000.0, 4/24/2026
BR,SI1,E,0.15,0.17,880.0, 4/24/2026
BR,SI2,E,0.15,0.17,770.0, 4/24/2026
BR,SI3,E,0.15,0.17,680.0, 4/24/2026
BR,I1,E,0.15,0.17,580.0, 4/24/2026
BR,I2,E,0.15,0.17,480.0, 4/24/2026
BR,I3,E,0.15,0.17,400.0, 4/24/2026
BR,IF,F,0.15,0.17,1130.0, 4/24/2026
BR,VVS1,F,0.15,0.17,1130.0, 4/24/2026
BR,VVS2,F,0.15,0.17,1130.0, 4/24/2026
BR,VS1,F,0.15,0.17,1000.0, 4/24/2026
BR,VS2,F,0.15,0.17,1000.0, 4/24/2026
BR,SI1,F,0.15,0.17,880.0, 4/24/2026
BR,SI2,F,0.15,0.17,770.0, 4/24/2026
BR,SI3,F,0.15,0.17,680.0, 4/24/2026
BR,I1,F,0.15,0.17,580.0, 4/24/2026
BR,I2,F,0.15,0.17,480.0, 4/24/2026
BR,I3,F,0.15,0.17,400.0, 4/24/2026
BR,IF,G,0.15,0.17,960.0, 4/24/2026
BR,VVS1,G,0.15,0.17,960.0, 4/24/2026
BR,VVS2,G,0.15,0.17,960.0, 4/24/2026
BR,VS1,G,0.15,0.17,860.0, 4/24/2026
BR,VS2,G,0.15,0.17,860.0, 4/24/2026
BR,SI1,G,0.15,0.17,770.0, 4/24/2026
BR,SI2,G,0.15,0.17,680.0, 4/24/2026
BR,SI3,G,0.15,0.17,590.0, 4/24/2026
BR,I1,G,0.15,0.17,510.0, 4/24/2026
BR,I2,G,0.15,0.17,420.0, 4/24/2026
BR,I3,G,0.15,0.17,360.0, 4/24/2026
BR,IF,H,0.15,0.17,960.0, 4/24/2026
BR,VVS1,H,0.15,0.17,960.0, 4/24/2026
BR,VVS2,H,0.15,0.17,960.0, 4/24/2026
BR,VS1,H,0.15,0.17,860.0, 4/24/2026
BR,VS2,H,0.15,0.17,860.0, 4/24/2026
BR,SI1,H,0.15,0.17,770.0, 4/24/2026
BR,SI2,H,0.15,0.17,680.0, 4/24/2026
BR,SI3,H,0.15,0.17,590.0, 4/24/2026
BR,I1,H,0.15,0.17,510.0, 4/24/2026
BR,I2,H,0.15,0.17,420.0, 4/24/2026
BR,I3,H,0.15,0.17,360.0, 4/24/2026
BR,IF,I,0.15,0.17,780.0, 4/24/2026
BR,VVS1,I,0.15,0.17,780.0, 4/24/2026
BR,VVS2,I,0.15,0.17,780.0, 4/24/2026
BR,VS1,I,0.15,0.17,700.0, 4/24/2026
BR,VS2,I,0.15,0.17,700.0, 4/24/2026
BR,SI1,I,0.15,0.17,630.0, 4/24/2026
BR,SI2,I,0.15,0.17,560.0, 4/24/2026
BR,SI3,I,0.15,0.17,480.0, 4/24/2026
BR,I1,I,0.15,0.17,430.0, 4/24/2026
BR,I2,I,0.15,0.17,360.0, 4/24/2026
BR,I3,I,0.15,0.17,310.0, 4/24/2026
BR,IF,J,0.15,0.17,780.0, 4/24/2026
BR,VVS1,J,0.15,0.17,780.0, 4/24/2026
BR,VVS2,J,0.15,0.17,780.0, 4/24/2026
BR,VS1,J,0.15,0.17,700.0, 4/24/2026
BR,VS2,J,0.15,0.17,700.0, 4/24/2026
BR,SI1,J,0.15,0.17,630.0, 4/24/2026
BR,SI2,J,0.15,0.17,560.0, 4/24/2026
BR,SI3,J,0.15,0.17,480.0, 4/24/2026
BR,I1,J,0.15,0.17,430.0, 4/24/2026
BR,I2,J,0.15,0.17,360.0, 4/24/2026
BR,I3,J,0.15,0.17,310.0, 4/24/2026
BR,IF,K,0.15,0.17,620.0, 4/24/2026
BR,VVS1,K,0.15,0.17,620.0, 4/24/2026
BR,VVS2,K,0.15,0.17,620.0, 4/24/2026
BR,VS1,K,0.15,0.17,540.0, 4/24/2026
BR,VS2,K,0.15,0.17,540.0, 4/24/2026
BR,SI1,K,0.15,0.17,470.0, 4/24/2026
BR,SI2,K,0.15,0.17,410.0, 4/24/2026
BR,SI3,K,0.15,0.17,360.0, 4/24/2026
BR,I1,K,0.15,0.17,320.0, 4/24/2026
BR,I2,K,0.15,0.17,270.0, 4/24/2026
BR,I3,K,0.15,0.17,230.0, 4/24/2026
BR,IF,L,0.15,0.17,620.0, 4/24/2026
BR,VVS1,L,0.15,0.17,620.0, 4/24/2026
BR,VVS2,L,0.15,0.17,620.0, 4/24/2026
BR,VS1,L,0.15,0.17,540.0, 4/24/2026
BR,VS2,L,0.15,0.17,540.0, 4/24/2026
BR,SI1,L,0.15,0.17,470.0, 4/24/2026
BR,SI2,L,0.15,0.17,410.0, 4/24/2026
BR,SI3,L,0.15,0.17,360.0, 4/24/2026
BR,I1,L,0.15,0.17,320.0, 4/24/2026
BR,I2,L,0.15,0.17,270.0, 4/24/2026
BR,I3,L,0.15,0.17,230.0, 4/24/2026
BR,IF,M,0.15,0.17,450.0, 4/24/2026
BR,VVS1,M,0.15,0.17,450.0, 4/24/2026
BR,VVS2,M,0.15,0.17,450.0, 4/24/2026
BR,VS1,M,0.15,0.17,390.0, 4/24/2026
BR,VS2,M,0.15,0.17,390.0, 4/24/2026
BR,SI1,M,0.15,0.17,340.0, 4/24/2026
BR,SI2,M,0.15,0.17,300.0, 4/24/2026
BR,SI3,M,0.15,0.17,270.0, 4/24/2026
BR,I1,M,0.15,0.17,230.0, 4/24/2026
BR,I2,M,0.15,0.17,190.0, 4/24/2026
BR,I3,M,0.15,0.17,160.0, 4/24/2026
BR,IF,N,0.15,0.17,450.0, 4/24/2026
BR,VVS1,N,0.15,0.17,450.0, 4/24/2026
BR,VVS2,N,0.15,0.17,450.0, 4/24/2026
BR,VS1,N,0.15,0.17,390.0, 4/24/2026
BR,VS2,N,0.15,0.17,390.0, 4/24/2026
BR,SI1,N,0.15,0.17,340.0, 4/24/2026
BR,SI2,N,0.15,0.17,300.0, 4/24/2026
BR,SI3,N,0.15,0.17,270.0, 4/24/2026
BR,I1,N,0.15,0.17,230.0, 4/24/2026
BR,I2,N,0.15,0.17,190.0, 4/24/2026
BR,I3,N,0.15,0.17,160.0, 4/24/2026
BR,IF,D,0.18,0.22,1230.0, 4/24/2026
BR,VVS1,D,0.18,0.22,1230.0, 4/24/2026
BR,VVS2,D,0.18,0.22,1230.0, 4/24/2026
BR,VS1,D,0.18,0.22,1110.0, 4/24/2026
BR,VS2,D,0.18,0.22,1110.0, 4/24/2026
BR,SI1,D,0.18,0.22,980.0, 4/24/2026
BR,SI2,D,0.18,0.22,850.0, 4/24/2026
BR,SI3,D,0.18,0.22,750.0, 4/24/2026
BR,I1,D,0.18,0.22,630.0, 4/24/2026
BR,I2,D,0.18,0.22,520.0, 4/24/2026
BR,I3,D,0.18,0.22,440.0, 4/24/2026
BR,IF,E,0.18,0.22,1230.0, 4/24/2026
BR,VVS1,E,0.18,0.22,1230.0, 4/24/2026
BR,VVS2,E,0.18,0.22,1230.0, 4/24/2026
BR,VS1,E,0.18,0.22,1110.0, 4/24/2026
BR,VS2,E,0.18,0.22,1110.0, 4/24/2026
BR,SI1,E,0.18,0.22,980.0, 4/24/2026
BR,SI2,E,0.18,0.22,850.0, 4/24/2026
BR,SI3,E,0.18,0.22,750.0, 4/24/2026
BR,I1,E,0.18,0.22,630.0, 4/24/2026
BR,I2,E,0.18,0.22,520.0, 4/24/2026
BR,I3,E,0.18,0.22,440.0, 4/24/2026
BR,IF,F,0.18,0.22,1230.0, 4/24/2026
BR,VVS1,F,0.18,0.22,1230.0, 4/24/2026
BR,VVS2,F,0.18,0.22,1230.0, 4/24/2026
BR,VS1,F,0.18,0.22,1110.0, 4/24/2026
BR,VS2,F,0.18,0.22,1110.0, 4/24/2026
BR,SI1,F,0.18,0.22,980.0, 4/24/2026
BR,SI2,F,0.18,0.22,850.0, 4/24/2026
BR,SI3,F,0.18,0.22,750.0, 4/24/2026
BR,I1,F,0.18,0.22,630.0, 4/24/2026
BR,I2,F,0.18,0.22,520.0, 4/24/2026
BR,I3,F,0.18,0.22,440.0, 4/24/2026
BR,IF,G,0.18,0.22,1060.0, 4/24/2026
BR,VVS1,G,0.18,0.22,1060.0, 4/24/2026
BR,VVS2,G,0.18,0.22,1060.0, 4/24/2026
BR,VS1,G,0.18,0.22,960.0, 4/24/2026
BR,VS2,G,0.18,0.22,960.0, 4/24/2026
BR,SI1,G,0.18,0.22,860.0, 4/24/2026
BR,SI2,G,0.18,0.22,750.0, 4/24/2026
BR,SI3,G,0.18,0.22,670.0, 4/24/2026
BR,I1,G,0.18,0.22,570.0, 4/24/2026
BR,I2,G,0.18,0.22,470.0, 4/24/2026
BR,I3,G,0.18,0.22,400.0, 4/24/2026
BR,IF,H,0.18,0.22,1060.0, 4/24/2026
BR,VVS1,H,0.18,0.22,1060.0, 4/24/2026
BR,VVS2,H,0.18,0.22,1060.0, 4/24/2026
BR,VS1,H,0.18,0.22,960.0, 4/24/2026
BR,VS2,H,0.18,0.22,960.0, 4/24/2026
BR,SI1,H,0.18,0.22,860.0, 4/24/2026
BR,SI2,H,0.18,0.22,750.0, 4/24/2026
BR,SI3,H,0.18,0.22,670.0, 4/24/2026
BR,I1,H,0.18,0.22,570.0, 4/24/2026
BR,I2,H,0.18,0.22,470.0, 4/24/2026
BR,I3,H,0.18,0.22,400.0, 4/24/2026
BR,IF,I,0.18,0.22,890.0, 4/24/2026
BR,VVS1,I,0.18,0.22,890.0, 4/24/2026
BR,VVS2,I,0.18,0.22,890.0, 4/24/2026
BR,VS1,I,0.18,0.22,780.0, 4/24/2026
BR,VS2,I,0.18,0.22,780.0, 4/24/2026
BR,SI1,I,0.18,0.22,700.0, 4/24/2026
BR,SI2,I,0.18,0.22,610.0, 4/24/2026
BR,SI3,I,0.18,0.22,530.0, 4/24/2026
BR,I1,I,0.18,0.22,470.0, 4/24/2026
BR,I2,I,0.18,0.22,400.0, 4/24/2026
BR,I3,I,0.18,0.22,340.0, 4/24/2026
BR,IF,J,0.18,0.22,890.0, 4/24/2026
BR,VVS1,J,0.18,0.22,890.0, 4/24/2026
BR,VVS2,J,0.18,0.22,890.0, 4/24/2026
BR,VS1,J,0.18,0.22,780.0, 4/24/2026
BR,VS2,J,0.18,0.22,780.0, 4/24/2026
BR,SI1,J,0.18,0.22,700.0, 4/24/2026
BR,SI2,J,0.18,0.22,610.0, 4/24/2026
BR,SI3,J,0.18,0.22,530.0, 4/24/2026
BR,I1,J,0.18,0.22,470.0, 4/24/2026
BR,I2,J,0.18,0.22,400.0, 4/24/2026
BR,I3,J,0.18,0.22,340.0, 4/24/2026
BR,IF,K,0.18,0.22,730.0, 4/24/2026
BR,VVS1,K,0.18,0.22,730.0, 4/24/2026
BR,VVS2,K,0.18,0.22,730.0, 4/24/2026
BR,VS1,K,0.18,0.22,610.0, 4/24/2026
BR,VS2,K,0.18,0.22,610.0, 4/24/2026
BR,SI1,K,0.18,0.22,540.0, 4/24/2026
BR,SI2,K,0.18,0.22,460.0, 4/24/2026
BR,SI3,K,0.18,0.22,400.0, 4/24/2026
BR,I1,K,0.18,0.22,350.0, 4/24/2026
BR,I2,K,0.18,0.22,300.0, 4/24/2026
BR,I3,K,0.18,0.22,250.0, 4/24/2026
BR,IF,L,0.18,0.22,730.0, 4/24/2026
BR,VVS1,L,0.18,0.22,730.0, 4/24/2026
BR,VVS2,L,0.18,0.22,730.0, 4/24/2026
BR,VS1,L,0.18,0.22,610.0, 4/24/2026
BR,VS2,L,0.18,0.22,610.0, 4/24/2026
BR,SI1,L,0.18,0.22,540.0, 4/24/2026
BR,SI2,L,0.18,0.22,460.0, 4/24/2026
BR,SI3,L,0.18,0.22,400.0, 4/24/2026
BR,I1,L,0.18,0.22,350.0, 4/24/2026
BR,I2,L,0.18,0.22,300.0, 4/24/2026
BR,I3,L,0.18,0.22,250.0, 4/24/2026
BR,IF,M,0.18,0.22,550.0, 4/24/2026
BR,VVS1,M,0.18,0.22,550.0, 4/24/2026
BR,VVS2,M,0.18,0.22,550.0, 4/24/2026
BR,VS1,M,0.18,0.22,490.0, 4/24/2026
BR,VS2,M,0.18,0.22,490.0, 4/24/2026
BR,SI1,M,0.18,0.22,420.0, 4/24/2026
BR,SI2,M,0.18,0.22,350.0, 4/24/2026
BR,SI3,M,0.18,0.22,300.0, 4/24/2026
BR,I1,M,0.18,0.22,260.0, 4/24/2026
BR,I2,M,0.18,0.22,220.0, 4/24/2026
BR,I3,M,0.18,0.22,180.0, 4/24/2026
BR,IF,N,0.18,0.22,550.0, 4/24/2026
BR,VVS1,N,0.18,0.22,550.0, 4/24/2026
BR,VVS2,N,0.18,0.22,550.0, 4/24/2026
BR,VS1,N,0.18,0.22,490.0, 4/24/2026
BR,VS2,N,0.18,0.22,490.0, 4/24/2026
BR,SI1,N,0.18,0.22,420.0, 4/24/2026
BR,SI2,N,0.18,0.22,350.0, 4/24/2026
BR,SI3,N,0.18,0.22,300.0, 4/24/2026
BR,I1,N,0.18,0.22,260.0, 4/24/2026
BR,I2,N,0.18,0.22,220.0, 4/24/2026
BR,I3,N,0.18,0.22,180.0, 4/24/2026
BR,IF,D,0.23,0.29,1500.0, 4/24/2026
BR,VVS1,D,0.23,0.29,1500.0, 4/24/2026
BR,VVS2,D,0.23,0.29,1500.0, 4/24/2026
BR,VS1,D,0.23,0.29,1320.0, 4/24/2026
BR,VS2,D,0.23,0.29,1320.0, 4/24/2026
BR,SI1,D,0.23,0.29,1100.0, 4/24/2026
BR,SI2,D,0.23,0.29,930.0, 4/24/2026
BR,SI3,D,0.23,0.29,810.0, 4/24/2026
BR,I1,D,0.23,0.29,680.0, 4/24/2026
BR,I2,D,0.23,0.29,550.0, 4/24/2026
BR,I3,D,0.23,0.29,470.0, 4/24/2026
BR,IF,E,0.23,0.29,1500.0, 4/24/2026
BR,VVS1,E,0.23,0.29,1500.0, 4/24/2026
BR,VVS2,E,0.23,0.29,1500.0, 4/24/2026
BR,VS1,E,0.23,0.29,1320.0, 4/24/2026
BR,VS2,E,0.23,0.29,1320.0, 4/24/2026
BR,SI1,E,0.23,0.29,1100.0, 4/24/2026
BR,SI2,E,0.23,0.29,930.0, 4/24/2026
BR,SI3,E,0.23,0.29,810.0, 4/24/2026
BR,I1,E,0.23,0.29,680.0, 4/24/2026
BR,I2,E,0.23,0.29,550.0, 4/24/2026
BR,I3,E,0.23,0.29,470.0, 4/24/2026
BR,IF,F,0.23,0.29,1500.0, 4/24/2026
BR,VVS1,F,0.23,0.29,1500.0, 4/24/2026
BR,VVS2,F,0.23,0.29,1500.0, 4/24/2026
BR,VS1,F,0.23,0.29,1320.0, 4/24/2026
BR,VS2,F,0.23,0.29,1320.0, 4/24/2026
BR,SI1,F,0.23,0.29,1100.0, 4/24/2026
BR,SI2,F,0.23,0.29,930.0, 4/24/2026
BR,SI3,F,0.23,0.29,810.0, 4/24/2026
BR,I1,F,0.23,0.29,680.0, 4/24/2026
BR,I2,F,0.23,0.29,550.0, 4/24/2026
BR,I3,F,0.23,0.29,470.0, 4/24/2026
BR,IF,G,0.23,0.29,1240.0, 4/24/2026
BR,VVS1,G,0.23,0.29,1240.0, 4/24/2026
BR,VVS2,G,0.23,0.29,1240.0, 4/24/2026
BR,VS1,G,0.23,0.29,1080.0, 4/24/2026
BR,VS2,G,0.23,0.29,1080.0, 4/24/2026
BR,SI1,G,0.23,0.29,940.0, 4/24/2026
BR,SI2,G,0.23,0.29,800.0, 4/24/2026
BR,SI3,G,0.23,0.29,710.0, 4/24/2026
BR,I1,G,0.23,0.29,610.0, 4/24/2026
BR,I2,G,0.23,0.29,500.0, 4/24/2026
BR,I3,G,0.23,0.29,430.0, 4/24/2026
BR,IF,H,0.23,0.29,1240.0, 4/24/2026
BR,VVS1,H,0.23,0.29,1240.0, 4/24/2026
BR,VVS2,H,0.23,0.29,1240.0, 4/24/2026
BR,VS1,H,0.23,0.29,1080.0, 4/24/2026
BR,VS2,H,0.23,0.29,1080.0, 4/24/2026
BR,SI1,H,0.23,0.29,940.0, 4/24/2026
BR,SI2,H,0.23,0.29,800.0, 4/24/2026
BR,SI3,H,0.23,0.29,710.0, 4/24/2026
BR,I1,H,0.23,0.29,610.0, 4/24/2026
BR,I2,H,0.23,0.29,500.0, 4/24/2026
BR,I3,H,0.23,0.29,430.0, 4/24/2026
BR,IF,I,0.23,0.29,1010.0, 4/24/2026
BR,VVS1,I,0.23,0.29,1010.0, 4/24/2026
BR,VVS2,I,0.23,0.29,1010.0, 4/24/2026
BR,VS1,I,0.23,0.29,860.0, 4/24/2026
BR,VS2,I,0.23,0.29,860.0, 4/24/2026
BR,SI1,I,0.23,0.29,750.0, 4/24/2026
BR,SI2,I,0.23,0.29,650.0, 4/24/2026
BR,SI3,I,0.23,0.29,570.0, 4/24/2026
BR,I1,I,0.23,0.29,500.0, 4/24/2026
BR,I2,I,0.23,0.29,430.0, 4/24/2026
BR,I3,I,0.23,0.29,360.0, 4/24/2026
BR,IF,J,0.23,0.29,1010.0, 4/24/2026
BR,VVS1,J,0.23,0.29,1010.0, 4/24/2026
BR,VVS2,J,0.23,0.29,1010.0, 4/24/2026
BR,VS1,J,0.23,0.29,860.0, 4/24/2026
BR,VS2,J,0.23,0.29,860.0, 4/24/2026
BR,SI1,J,0.23,0.29,750.0, 4/24/2026
BR,SI2,J,0.23,0.29,650.0, 4/24/2026
BR,SI3,J,0.23,0.29,570.0, 4/24/2026
BR,I1,J,0.23,0.29,500.0, 4/24/2026
BR,I2,J,0.23,0.29,430.0, 4/24/2026
BR,I3,J,0.23,0.29,360.0, 4/24/2026
BR,IF,K,0.23,0.29,840.0, 4/24/2026
BR,VVS1,K,0.23,0.29,840.0, 4/24/2026
BR,VVS2,K,0.23,0.29,840.0, 4/24/2026
BR,VS1,K,0.23,0.29,700.0, 4/24/2026
BR,VS2,K,0.23,0.29,700.0, 4/24/2026
BR,SI1,K,0.23,0.29,610.0, 4/24/2026
BR,SI2,K,0.23,0.29,530.0, 4/24/2026
BR,SI3,K,0.23,0.29,460.0, 4/24/2026
BR,I1,K,0.23,0.29,380.0, 4/24/2026
BR,I2,K,0.23,0.29,320.0, 4/24/2026
BR,I3,K,0.23,0.29,270.0, 4/24/2026
BR,IF,L,0.23,0.29,840.0, 4/24/2026
BR,VVS1,L,0.23,0.29,840.0, 4/24/2026
BR,VVS2,L,0.23,0.29,840.0, 4/24/2026
BR,VS1,L,0.23,0.29,700.0, 4/24/2026
BR,VS2,L,0.23,0.29,700.0, 4/24/2026
BR,SI1,L,0.23,0.29,610.0, 4/24/2026
BR,SI2,L,0.23,0.29,530.0, 4/24/2026
BR,SI3,L,0.23,0.29,460.0, 4/24/2026
BR,I1,L,0.23,0.29,380.0, 4/24/2026
BR,I2,L,0.23,0.29,320.0, 4/24/2026
BR,I3,L,0.23,0.29,270.0, 4/24/2026
BR,IF,M,0.23,0.29,680.0, 4/24/2026
BR,VVS1,M,0.23,0.29,680.0, 4/24/2026
BR,VVS2,M,0.23,0.29,680.0, 4/24/2026
BR,VS1,M,0.23,0.29,580.0, 4/24/2026
BR,VS2,M,0.23,0.29,580.0, 4/24/2026
BR,SI1,M,0.23,0.29,490.0, 4/24/2026
BR,SI2,M,0.23,0.29,410.0, 4/24/2026
BR,SI3,M,0.23,0.29,360.0, 4/24/2026
BR,I1,M,0.23,0.29,300.0, 4/24/2026
BR,I2,M,0.23,0.29,250.0, 4/24/2026
BR,I3,M,0.23,0.29,210.0, 4/24/2026
BR,IF,N,0.23,0.29,680.0, 4/24/2026
BR,VVS1,N,0.23,0.29,680.0, 4/24/2026
BR,VVS2,N,0.23,0.29,680.0, 4/24/2026
BR,VS1,N,0.23,0.29,580.0, 4/24/2026
BR,VS2,N,0.23,0.29,580.0, 4/24/2026
BR,SI1,N,0.23,0.29,490.0, 4/24/2026
BR,SI2,N,0.23,0.29,410.0, 4/24/2026
BR,SI3,N,0.23,0.29,360.0, 4/24/2026
BR,I1,N,0.23,0.29,300.0, 4/24/2026
BR,I2,N,0.23,0.29,250.0, 4/24/2026
BR,I3,N,0.23,0.29,210.0, 4/24/2026
BR,IF,D,0.30,0.39,2700, 4/24/2026
BR,VVS1,D,0.30,0.39,2200, 4/24/2026
BR,VVS2,D,0.30,0.39,1900, 4/24/2026
BR,VS1,D,0.30,0.39,1700, 4/24/2026
BR,VS2,D,0.30,0.39,1500, 4/24/2026
BR,SI1,D,0.30,0.39,1400, 4/24/2026
BR,SI2,D,0.30,0.39,1300, 4/24/2026
BR,SI3,D,0.30,0.39,1200, 4/24/2026
BR,I1,D,0.30,0.39,1100, 4/24/2026
BR,I2,D,0.30,0.39,1000, 4/24/2026
BR,I3,D,0.30,0.39,700, 4/24/2026
BR,IF,E,0.30,0.39,2300, 4/24/2026
BR,VVS1,E,0.30,0.39,2000, 4/24/2026
BR,VVS2,E,0.30,0.39,1700, 4/24/2026
BR,VS1,E,0.30,0.39,1500, 4/24/2026
BR,VS2,E,0.30,0.39,1400, 4/24/2026
BR,SI1,E,0.30,0.39,1300, 4/24/2026
BR,SI2,E,0.30,0.39,1200, 4/24/2026
BR,SI3,E,0.30,0.39,1100, 4/24/2026
BR,I1,E,0.30,0.39,1000, 4/24/2026
BR,I2,E,0.30,0.39,900, 4/24/2026
BR,I3,E,0.30,0.39,600, 4/24/2026
BR,IF,F,0.30,0.39,2000, 4/24/2026
BR,VVS1,F,0.30,0.39,1800, 4/24/2026
BR,VVS2,F,0.30,0.39,1600, 4/24/2026
BR,VS1,F,0.30,0.39,1400, 4/24/2026
BR,VS2,F,0.30,0.39,1300, 4/24/2026
BR,SI1,F,0.30,0.39,1200, 4/24/2026
BR,SI2,F,0.30,0.39,1100, 4/24/2026
BR,SI3,F,0.30,0.39,1000, 4/24/2026
BR,I1,F,0.30,0.39,1000, 4/24/2026
BR,I2,F,0.30,0.39,900, 4/24/2026
BR,I3,F,0.30,0.39,600, 4/24/2026
BR,IF,G,0.30,0.39,1800, 4/24/2026
BR,VVS1,G,0.30,0.39,1600, 4/24/2026
BR,VVS2,G,0.30,0.39,1400, 4/24/2026
BR,VS1,G,0.30,0.39,1300, 4/24/2026
BR,VS2,G,0.30,0.39,1200, 4/24/2026
BR,SI1,G,0.30,0.39,1200, 4/24/2026
BR,SI2,G,0.30,0.39,1100, 4/24/2026
BR,SI3,G,0.30,0.39,1000, 4/24/2026
BR,I1,G,0.30,0.39,900, 4/24/2026
BR,I2,G,0.30,0.39,800, 4/24/2026
BR,I3,G,0.30,0.39,500, 4/24/2026
BR,IF,H,0.30,0.39,1500, 4/24/2026
BR,VVS1,H,0.30,0.39,1400, 4/24/2026
BR,VVS2,H,0.30,0.39,1300, 4/24/2026
BR,VS1,H,0.30,0.39,1200, 4/24/2026
BR,VS2,H,0.30,0.39,1100, 4/24/2026
BR,SI1,H,0.30,0.39,1100, 4/24/2026
BR,SI2,H,0.30,0.39,1000, 4/24/2026
BR,SI3,H,0.30,0.39,900, 4/24/2026
BR,I1,H,0.30,0.39,800, 4/24/2026
BR,I2,H,0.30,0.39,700, 4/24/2026
BR,I3,H,0.30,0.39,500, 4/24/2026
BR,IF,I,0.30,0.39,1300, 4/24/2026
BR,VVS1,I,0.30,0.39,1200, 4/24/2026
BR,VVS2,I,0.30,0.39,1100, 4/24/2026
BR,VS1,I,0.30,0.39,1100, 4/24/2026
BR,VS2,I,0.30,0.39,1000, 4/24/2026
BR,SI1,I,0.30,0.39,1000, 4/24/2026
BR,SI2,I,0.30,0.39,900, 4/24/2026
BR,SI3,I,0.30,0.39,800, 4/24/2026
BR,I1,I,0.30,0.39,700, 4/24/2026
BR,I2,I,0.30,0.39,600, 4/24/2026
BR,I3,I,0.30,0.39,500, 4/24/2026
BR,IF,J,0.30,0.39,1200, 4/24/2026
BR,VVS1,J,0.30,0.39,1100, 4/24/2026
BR,VVS2,J,0.30,0.39,1000, 4/24/2026
BR,VS1,J,0.30,0.39,1000, 4/24/2026
BR,VS2,J,0.30,0.39,900, 4/24/2026
BR,SI1,J,0.30,0.39,900, 4/24/2026
BR,SI2,J,0.30,0.39,800, 4/24/2026
BR,SI3,J,0.30,0.39,700, 4/24/2026
BR,I1,J,0.30,0.39,600, 4/24/2026
BR,I2,J,0.30,0.39,600, 4/24/2026
BR,I3,J,0.30,0.39,400, 4/24/2026
BR,IF,K,0.30,0.39,1100, 4/24/2026
BR,VVS1,K,0.30,0.39,1000, 4/24/2026
BR,VVS2,K,0.30,0.39,900, 4/24/2026
BR,VS1,K,0.30,0.39,900, 4/24/2026
BR,VS2,K,0.30,0.39,800, 4/24/2026
BR,SI1,K,0.30,0.39,800, 4/24/2026
BR,SI2,K,0.30,0.39,700, 4/24/2026
BR,SI3,K,0.30,0.39,600, 4/24/2026
BR,I1,K,0.30,0.39,500, 4/24/2026
BR,I2,K,0.30,0.39,500, 4/24/2026
BR,I3,K,0.30,0.39,400, 4/24/2026
BR,IF,L,0.30,0.39,1000, 4/24/2026
BR,VVS1,L,0.30,0.39,900, 4/24/2026
BR,VVS2,L,0.30,0.39,800, 4/24/2026
BR,VS1,L,0.30,0.39,800, 4/24/2026
BR,VS2,L,0.30,0.39,700, 4/24/2026
BR,SI1,L,0.30,0.39,700, 4/24/2026
BR,SI2,L,0.30,0.39,600, 4/24/2026
BR,SI3,L,0.30,0.39,600, 4/24/2026
BR,I1,L,0.30,0.39,500, 4/24/2026
BR,I2,L,0.30,0.39,500, 4/24/2026
BR,I3,L,0.30,0.39,300, 4/24/2026
BR,IF,M,0.30,0.39,900, 4/24/2026
BR,VVS1,M,0.30,0.39,800, 4/24/2026
BR,VVS2,M,0.30,0.39,800, 4/24/2026
BR,VS1,M,0.30,0.39,700, 4/24/2026
BR,VS2,M,0.30,0.39,700, 4/24/2026
BR,SI1,M,0.30,0.39,700, 4/24/2026
BR,SI2,M,0.30,0.39,600, 4/24/2026
BR,SI3,M,0.30,0.39,500, 4/24/2026
BR,I1,M,0.30,0.39,500, 4/24/2026
BR,I2,M,0.30,0.39,400, 4/24/2026
BR,I3,M,0.30,0.39,300, 4/24/2026
BR,IF,D,0.40,0.49,3100, 4/24/2026
BR,VVS1,D,0.40,0.49,2500, 4/24/2026
BR,VVS2,D,0.40,0.49,2100, 4/24/2026
BR,VS1,D,0.40,0.49,2000, 4/24/2026
BR,VS2,D,0.40,0.49,1800, 4/24/2026
BR,SI1,D,0.40,0.49,1600, 4/24/2026
BR,SI2,D,0.40,0.49,1500, 4/24/2026
BR,SI3,D,0.40,0.49,1400, 4/24/2026
BR,I1,D,0.40,0.49,1300, 4/24/2026
BR,I2,D,0.40,0.49,1100, 4/24/2026
BR,I3,D,0.40,0.49,800, 4/24/2026
BR,IF,E,0.40,0.49,2600, 4/24/2026
BR,VVS1,E,0.40,0.49,2200, 4/24/2026
BR,VVS2,E,0.40,0.49,1900, 4/24/2026
BR,VS1,E,0.40,0.49,1800, 4/24/2026
BR,VS2,E,0.40,0.49,1700, 4/24/2026
BR,SI1,E,0.40,0.49,1500, 4/24/2026
BR,SI2,E,0.40,0.49,1400, 4/24/2026
BR,SI3,E,0.40,0.49,1300, 4/24/2026
BR,I1,E,0.40,0.49,1200, 4/24/2026
BR,I2,E,0.40,0.49,1000, 4/24/2026
BR,I3,E,0.40,0.49,700, 4/24/2026
BR,IF,F,0.40,0.49,2300, 4/24/2026
BR,VVS1,F,0.40,0.49,2000, 4/24/2026
BR,VVS2,F,0.40,0.49,1800, 4/24/2026
BR,VS1,F,0.40,0.49,1700, 4/24/2026
BR,VS2,F,0.40,0.49,1600, 4/24/2026
BR,SI1,F,0.40,0.49,1400, 4/24/2026
BR,SI2,F,0.40,0.49,1300, 4/24/2026
BR,SI3,F,0.40,0.49,1200, 4/24/2026
BR,I1,F,0.40,0.49,1100, 4/24/2026
BR,I2,F,0.40,0.49,1000, 4/24/2026
BR,I3,F,0.40,0.49,700, 4/24/2026
BR,IF,G,0.40,0.49,2100, 4/24/2026
BR,VVS1,G,0.40,0.49,1800, 4/24/2026
BR,VVS2,G,0.40,0.49,1700, 4/24/2026
BR,VS1,G,0.40,0.49,1600, 4/24/2026
BR,VS2,G,0.40,0.49,1500, 4/24/2026
BR,SI1,G,0.40,0.49,1300, 4/24/2026
BR,SI2,G,0.40,0.49,1200, 4/24/2026
BR,SI3,G,0.40,0.49,1100, 4/24/2026
BR,I1,G,0.40,0.49,1000, 4/24/2026
BR,I2,G,0.40,0.49,900, 4/24/2026
BR,I3,G,0.40,0.49,600, 4/24/2026
BR,IF,H,0.40,0.49,1800, 4/24/2026
BR,VVS1,H,0.40,0.49,1600, 4/24/2026
BR,VVS2,H,0.40,0.49,1500, 4/24/2026
BR,VS1,H,0.40,0.49,1400, 4/24/2026
BR,VS2,H,0.40,0.49,1300, 4/24/2026
BR,SI1,H,0.40,0.49,1200, 4/24/2026
BR,SI2,H,0.40,0.49,1100, 4/24/2026
BR,SI3,H,0.40,0.49,1000, 4/24/2026
BR,I1,H,0.40,0.49,900, 4/24/2026
BR,I2,H,0.40,0.49,800, 4/24/2026
BR,I3,H,0.40,0.49,600, 4/24/2026
BR,IF,I,0.40,0.49,1600, 4/24/2026
BR,VVS1,I,0.40,0.49,1400, 4/24/2026
BR,VVS2,I,0.40,0.49,1300, 4/24/2026
BR,VS1,I,0.40,0.49,1200, 4/24/2026
BR,VS2,I,0.40,0.49,1200, 4/24/2026
BR,SI1,I,0.40,0.49,1100, 4/24/2026
BR,SI2,I,0.40,0.49,1000, 4/24/2026
BR,SI3,I,0.40,0.49,900, 4/24/2026
BR,I1,I,0.40,0.49,800, 4/24/2026
BR,I2,I,0.40,0.49,700, 4/24/2026
BR,I3,I,0.40,0.49,600, 4/24/2026
BR,IF,J,0.40,0.49,1400, 4/24/2026
BR,VVS1,J,0.40,0.49,1300, 4/24/2026
BR,VVS2,J,0.40,0.49,1200, 4/24/2026
BR,VS1,J,0.40,0.49,1100, 4/24/2026
BR,VS2,J,0.40,0.49,1100, 4/24/2026
BR,SI1,J,0.40,0.49,1000, 4/24/2026
BR,SI2,J,0.40,0.49,1000, 4/24/2026
BR,SI3,J,0.40,0.49,900, 4/24/2026
BR,I1,J,0.40,0.49,800, 4/24/2026
BR,I2,J,0.40,0.49,700, 4/24/2026
BR,I3,J,0.40,0.49,500, 4/24/2026
BR,IF,K,0.40,0.49,1300, 4/24/2026
BR,VVS1,K,0.40,0.49,1200, 4/24/2026
BR,VVS2,K,0.40,0.49,1100, 4/24/2026
BR,VS1,K,0.40,0.49,1000, 4/24/2026
BR,VS2,K,0.40,0.49,1000, 4/24/2026
BR,SI1,K,0.40,0.49,900, 4/24/2026
BR,SI2,K,0.40,0.49,900, 4/24/2026
BR,SI3,K,0.40,0.49,800, 4/24/2026
BR,I1,K,0.40,0.49,700, 4/24/2026
BR,I2,K,0.40,0.49,600, 4/24/2026
BR,I3,K,0.40,0.49,500, 4/24/2026
BR,IF,L,0.40,0.49,1200, 4/24/2026
BR,VVS1,L,0.40,0.49,1100, 4/24/2026
BR,VVS2,L,0.40,0.49,1000, 4/24/2026
BR,VS1,L,0.40,0.49,900, 4/24/2026
BR,VS2,L,0.40,0.49,900, 4/24/2026
BR,SI1,L,0.40,0.49,800, 4/24/2026
BR,SI2,L,0.40,0.49,800, 4/24/2026
BR,SI3,L,0.40,0.49,700, 4/24/2026
BR,I1,L,0.40,0.49,600, 4/24/2026
BR,I2,L,0.40,0.49,500, 4/24/2026
BR,I3,L,0.40,0.49,400, 4/24/2026
BR,IF,M,0.40,0.49,1100, 4/24/2026
BR,VVS1,M,0.40,0.49,1000, 4/24/2026
BR,VVS2,M,0.40,0.49,900, 4/24/2026
BR,VS1,M,0.40,0.49,800, 4/24/2026
BR,VS2,M,0.40,0.49,800, 4/24/2026
BR,SI1,M,0.40,0.49,800, 4/24/2026
BR,SI2,M,0.40,0.49,700, 4/24/2026
BR,SI3,M,0.40,0.49,600, 4/24/2026
BR,I1,M,0.40,0.49,500, 4/24/2026
BR,I2,M,0.40,0.49,500, 4/24/2026
BR,I3,M,0.40,0.49,400, 4/24/2026
BR,IF,D,0.50,0.69,4700, 4/24/2026
BR,VVS1,D,0.50,0.69,3700, 4/24/2026
BR,VVS2,D,0.50,0.69,2900, 4/24/2026
BR,VS1,D,0.50,0.69,2500, 4/24/2026
BR,VS2,D,0.50,0.69,2200, 4/24/2026
BR,SI1,D,0.50,0.69,1900, 4/24/2026
BR,SI2,D,0.50,0.69,1600, 4/24/2026
BR,SI3,D,0.50,0.69,1500, 4/24/2026
BR,I1,D,0.50,0.69,1400, 4/24/2026
BR,I2,D,0.50,0.69,1300, 4/24/2026
BR,I3,D,0.50,0.69,1100, 4/24/2026
BR,IF,E,0.50,0.69,3700, 4/24/2026
BR,VVS1,E,0.50,0.69,3200, 4/24/2026
BR,VVS2,E,0.50,0.69,2600, 4/24/2026
BR,VS1,E,0.50,0.69,2300, 4/24/2026
BR,VS2,E,0.50,0.69,2000, 4/24/2026
BR,SI1,E,0.50,0.69,1700, 4/24/2026
BR,SI2,E,0.50,0.69,1500, 4/24/2026
BR,SI3,E,0.50,0.69,1400, 4/24/2026
BR,I1,E,0.50,0.69,1300, 4/24/2026
BR,I2,E,0.50,0.69,1200, 4/24/2026
BR,I3,E,0.50,0.69,1000, 4/24/2026
BR,IF,F,0.50,0.69,3200, 4/24/2026
BR,VVS1,F,0.50,0.69,2800, 4/24/2026
BR,VVS2,F,0.50,0.69,2400, 4/24/2026
BR,VS1,F,0.50,0.69,2100, 4/24/2026
BR,VS2,F,0.50,0.69,1900, 4/24/2026
BR,SI1,F,0.50,0.69,1600, 4/24/2026
BR,SI2,F,0.50,0.69,1400, 4/24/2026
BR,SI3,F,0.50,0.69,1300, 4/24/2026
BR,I1,F,0.50,0.69,1200, 4/24/2026
BR,I2,F,0.50,0.69,1100, 4/24/2026
BR,I3,F,0.50,0.69,1000, 4/24/2026
BR,IF,G,0.50,0.69,2700, 4/24/2026
BR,VVS1,G,0.50,0.69,2400, 4/24/2026
BR,VVS2,G,0.50,0.69,2100, 4/24/2026
BR,VS1,G,0.50,0.69,1900, 4/24/2026
BR,VS2,G,0.50,0.69,1800, 4/24/2026
BR,SI1,G,0.50,0.69,1500, 4/24/2026
BR,SI2,G,0.50,0.69,1300, 4/24/2026
BR,SI3,G,0.50,0.69,1200, 4/24/2026
BR,I1,G,0.50,0.69,1100, 4/24/2026
BR,I2,G,0.50,0.69,1000, 4/24/2026
BR,I3,G,0.50,0.69,900, 4/24/2026
BR,IF,H,0.50,0.69,2300, 4/24/2026
BR,VVS1,H,0.50,0.69,2100, 4/24/2026
BR,VVS2,H,0.50,0.69,1900, 4/24/2026
BR,VS1,H,0.50,0.69,1700, 4/24/2026
BR,VS2,H,0.50,0.69,1600, 4/24/2026
BR,SI1,H,0.50,0.69,1400, 4/24/2026
BR,SI2,H,0.50,0.69,1200, 4/24/2026
BR,SI3,H,0.50,0.69,1100, 4/24/2026
BR,I1,H,0.50,0.69,1000, 4/24/2026
BR,I2,H,0.50,0.69,1000, 4/24/2026
BR,I3,H,0.50,0.69,800, 4/24/2026
BR,IF,I,0.50,0.69,2000, 4/24/2026
BR,VVS1,I,0.50,0.69,1800, 4/24/2026
BR,VVS2,I,0.50,0.69,1600, 4/24/2026
BR,VS1,I,0.50,0.69,1500, 4/24/2026
BR,VS2,I,0.50,0.69,1400, 4/24/2026
BR,SI1,I,0.50,0.69,1300, 4/24/2026
BR,SI2,I,0.50,0.69,1100, 4/24/2026
BR,SI3,I,0.50,0.69,1000, 4/24/2026
BR,I1,I,0.50,0.69,900, 4/24/2026
BR,I2,I,0.50,0.69,900, 4/24/2026
BR,I3,I,0.50,0.69,800, 4/24/2026
BR,IF,J,0.50,0.69,1700, 4/24/2026
BR,VVS1,J,0.50,0.69,1500, 4/24/2026
BR,VVS2,J,0.50,0.69,1400, 4/24/2026
BR,VS1,J,0.50,0.69,1300, 4/24/2026
BR,VS2,J,0.50,0.69,1200, 4/24/2026
BR,SI1,J,0.50,0.69,1200, 4/24/2026
BR,SI2,J,0.50,0.69,1100, 4/24/2026
BR,SI3,J,0.50,0.69,1000, 4/24/2026
BR,I1,J,0.50,0.69,900, 4/24/2026
BR,I2,J,0.50,0.69,900, 4/24/2026
BR,I3,J,0.50,0.69,700, 4/24/2026
BR,IF,K,0.50,0.69,1500, 4/24/2026
BR,VVS1,K,0.50,0.69,1400, 4/24/2026
BR,VVS2,K,0.50,0.69,1300, 4/24/2026
BR,VS1,K,0.50,0.69,1200, 4/24/2026
BR,VS2,K,0.50,0.69,1100, 4/24/2026
BR,SI1,K,0.50,0.69,1100, 4/24/2026
BR,SI2,K,0.50,0.69,1000, 4/24/2026
BR,SI3,K,0.50,0.69,900, 4/24/2026
BR,I1,K,0.50,0.69,800, 4/24/2026
BR,I2,K,0.50,0.69,800, 4/24/2026
BR,I3,K,0.50,0.69,700, 4/24/2026
BR,IF,L,0.50,0.69,1400, 4/24/2026
BR,VVS1,L,0.50,0.69,1300, 4/24/2026
BR,VVS2,L,0.50,0.69,1200, 4/24/2026
BR,VS1,L,0.50,0.69,1100, 4/24/2026
BR,VS2,L,0.50,0.69,1000, 4/24/2026
BR,SI1,L,0.50,0.69,1000, 4/24/2026
BR,SI2,L,0.50,0.69,900, 4/24/2026
BR,SI3,L,0.50,0.69,900, 4/24/2026
BR,I1,L,0.50,0.69,800, 4/24/2026
BR,I2,L,0.50,0.69,700, 4/24/2026
BR,I3,L,0.50,0.69,600, 4/24/2026
BR,IF,M,0.50,0.69,1300, 4/24/2026
BR,VVS1,M,0.50,0.69,1200, 4/24/2026
BR,VVS2,M,0.50,0.69,1100, 4/24/2026
BR,VS1,M,0.50,0.69,1000, 4/24/2026
BR,VS2,M,0.50,0.69,900, 4/24/2026
BR,SI1,M,0.50,0.69,900, 4/24/2026
BR,SI2,M,0.50,0.69,800, 4/24/2026
BR,SI3,M,0.50,0.69,800, 4/24/2026
BR,I1,M,0.50,0.69,800, 4/24/2026
BR,I2,M,0.50,0.69,600, 4/24/2026
BR,I3,M,0.50,0.69,500, 4/24/2026
BR,IF,D,0.70,0.89,6400, 4/24/2026
BR,VVS1,D,0.70,0.89,5100, 4/24/2026
BR,VVS2,D,0.70,0.89,4100, 4/24/2026
BR,VS1,D,0.70,0.89,3500, 4/24/2026
BR,VS2,D,0.70,0.89,3000, 4/24/2026
BR,SI1,D,0.70,0.89,2600, 4/24/2026
BR,SI2,D,0.70,0.89,2300, 4/24/2026
BR,SI3,D,0.70,0.89,2100, 4/24/2026
BR,I1,D,0.70,0.89,1900, 4/24/2026
BR,I2,D,0.70,0.89,1700, 4/24/2026
BR,I3,D,0.70,0.89,1200, 4/24/2026
BR,IF,E,0.70,0.89,5200, 4/24/2026
BR,VVS1,E,0.70,0.89,4500, 4/24/2026
BR,VVS2,E,0.70,0.89,3800, 4/24/2026
BR,VS1,E,0.70,0.89,3300, 4/24/2026
BR,VS2,E,0.70,0.89,2800, 4/24/2026
BR,SI1,E,0.70,0.89,2400, 4/24/2026
BR,SI2,E,0.70,0.89,2100, 4/24/2026
BR,SI3,E,0.70,0.89,1900, 4/24/2026
BR,I1,E,0.70,0.89,1700, 4/24/2026
BR,I2,E,0.70,0.89,1600, 4/24/2026
BR,I3,E,0.70,0.89,1100, 4/24/2026
BR,IF,F,0.70,0.89,4500, 4/24/2026
BR,VVS1,F,0.70,0.89,4000, 4/24/2026
BR,VVS2,F,0.70,0.89,3400, 4/24/2026
BR,VS1,F,0.70,0.89,3000, 4/24/2026
BR,VS2,F,0.70,0.89,2600, 4/24/2026
BR,SI1,F,0.70,0.89,2200, 4/24/2026
BR,SI2,F,0.70,0.89,1900, 4/24/2026
BR,SI3,F,0.70,0.89,1700, 4/24/2026
BR,I1,F,0.70,0.89,1600, 4/24/2026
BR,I2,F,0.70,0.89,1500, 4/24/2026
BR,I3,F,0.70,0.89,1100, 4/24/2026
BR,IF,G,0.70,0.89,3800, 4/24/2026
BR,VVS1,G,0.70,0.89,3300, 4/24/2026
BR,VVS2,G,0.70,0.89,3000, 4/24/2026
BR,VS1,G,0.70,0.89,2700, 4/24/2026
BR,VS2,G,0.70,0.89,2400, 4/24/2026
BR,SI1,G,0.70,0.89,2000, 4/24/2026
BR,SI2,G,0.70,0.89,1700, 4/24/2026
BR,SI3,G,0.70,0.89,1600, 4/24/2026
BR,I1,G,0.70,0.89,1500, 4/24/2026
BR,I2,G,0.70,0.89,1400, 4/24/2026
BR,I3,G,0.70,0.89,1000, 4/24/2026
BR,IF,H,0.70,0.89,3100, 4/24/2026
BR,VVS1,H,0.70,0.89,2800, 4/24/2026
BR,VVS2,H,0.70,0.89,2500, 4/24/2026
BR,VS1,H,0.70,0.89,2300, 4/24/2026
BR,VS2,H,0.70,0.89,2100, 4/24/2026
BR,SI1,H,0.70,0.89,1800, 4/24/2026
BR,SI2,H,0.70,0.89,1600, 4/24/2026
BR,SI3,H,0.70,0.89,1500, 4/24/2026
BR,I1,H,0.70,0.89,1400, 4/24/2026
BR,I2,H,0.70,0.89,1400, 4/24/2026
BR,I3,H,0.70,0.89,900, 4/24/2026
BR,IF,I,0.70,0.89,2600, 4/24/2026
BR,VVS1,I,0.70,0.89,2300, 4/24/2026
BR,VVS2,I,0.70,0.89,2100, 4/24/2026
BR,VS1,I,0.70,0.89,2000, 4/24/2026
BR,VS2,I,0.70,0.89,1800, 4/24/2026
BR,SI1,I,0.70,0.89,1600, 4/24/2026
BR,SI2,I,0.70,0.89,1500, 4/24/2026
BR,SI3,I,0.70,0.89,1400, 4/24/2026
BR,I1,I,0.70,0.89,1300, 4/24/2026
BR,I2,I,0.70,0.89,1300, 4/24/2026
BR,I3,I,0.70,0.89,900, 4/24/2026
BR,IF,J,0.70,0.89,2200, 4/24/2026
BR,VVS1,J,0.70,0.89,2000, 4/24/2026
BR,VVS2,J,0.70,0.89,1900, 4/24/2026
BR,VS1,J,0.70,0.89,1800, 4/24/2026
BR,VS2,J,0.70,0.89,1600, 4/24/2026
BR,SI1,J,0.70,0.89,1500, 4/24/2026
BR,SI2,J,0.70,0.89,1400, 4/24/2026
BR,SI3,J,0.70,0.89,1300, 4/24/2026
BR,I1,J,0.70,0.89,1200, 4/24/2026
BR,I2,J,0.70,0.89,1200, 4/24/2026
BR,I3,J,0.70,0.89,800, 4/24/2026
BR,IF,K,0.70,0.89,2000, 4/24/2026
BR,VVS1,K,0.70,0.89,1800, 4/24/2026
BR,VVS2,K,0.70,0.89,1700, 4/24/2026
BR,VS1,K,0.70,0.89,1600, 4/24/2026
BR,VS2,K,0.70,0.89,1500, 4/24/2026
BR,SI1,K,0.70,0.89,1400, 4/24/2026
BR,SI2,K,0.70,0.89,1300, 4/24/2026
BR,SI3,K,0.70,0.89,1200, 4/24/2026
BR,I1,K,0.70,0.89,1100, 4/24/2026
BR,I2,K,0.70,0.89,1000, 4/24/2026
BR,I3,K,0.70,0.89,800, 4/24/2026
BR,IF,L,0.70,0.89,1800, 4/24/2026
BR,VVS1,L,0.70,0.89,1600, 4/24/2026
BR,VVS2,L,0.70,0.89,1500, 4/24/2026
BR,VS1,L,0.70,0.89,1400, 4/24/2026
BR,VS2,L,0.70,0.89,1300, 4/24/2026
BR,SI1,L,0.70,0.89,1200, 4/24/2026
BR,SI2,L,0.70,0.89,1100, 4/24/2026
BR,SI3,L,0.70,0.89,1100, 4/24/2026
BR,I1,L,0.70,0.89,1100, 4/24/2026
BR,I2,L,0.70,0.89,800, 4/24/2026
BR,I3,L,0.70,0.89,700, 4/24/2026
BR,IF,M,0.70,0.89,1600, 4/24/2026
BR,VVS1,M,0.70,0.89,1400, 4/24/2026
BR,VVS2,M,0.70,0.89,1300, 4/24/2026
BR,VS1,M,0.70,0.89,1200, 4/24/2026
BR,VS2,M,0.70,0.89,1100, 4/24/2026
BR,SI1,M,0.70,0.89,1100, 4/24/2026
BR,SI2,M,0.70,0.89,1000, 4/24/2026
BR,SI3,M,0.70,0.89,1000, 4/24/2026
BR,I1,M,0.70,0.89,1000, 4/24/2026
BR,I2,M,0.70,0.89,700, 4/24/2026
BR,I3,M,0.70,0.89,600, 4/24/2026
BR,IF,D,0.90,0.99,9600, 4/24/2026
BR,VVS1,D,0.90,0.99,8200, 4/24/2026
BR,VVS2,D,0.90,0.99,6200, 4/24/2026
BR,VS1,D,0.90,0.99,5300, 4/24/2026
BR,VS2,D,0.90,0.99,4500, 4/24/2026
BR,SI1,D,0.90,0.99,3600, 4/24/2026
BR,SI2,D,0.90,0.99,2900, 4/24/2026
BR,SI3,D,0.90,0.99,2600, 4/24/2026
BR,I1,D,0.90,0.99,2500, 4/24/2026
BR,I2,D,0.90,0.99,2000, 4/24/2026
BR,I3,D,0.90,0.99,1500, 4/24/2026
BR,IF,E,0.90,0.99,8300, 4/24/2026
BR,VVS1,E,0.90,0.99,7100, 4/24/2026
BR,VVS2,E,0.90,0.99,5700, 4/24/2026
BR,VS1,E,0.90,0.99,4800, 4/24/2026
BR,VS2,E,0.90,0.99,4100, 4/24/2026
BR,SI1,E,0.90,0.99,3200, 4/24/2026
BR,SI2,E,0.90,0.99,2600, 4/24/2026
BR,SI3,E,0.90,0.99,2400, 4/24/2026
BR,I1,E,0.90,0.99,2300, 4/24/2026
BR,I2,E,0.90,0.99,1900, 4/24/2026
BR,I3,E,0.90,0.99,1400, 4/24/2026
BR,IF,F,0.90,0.99,7300, 4/24/2026
BR,VVS1,F,0.90,0.99,6300, 4/24/2026
BR,VVS2,F,0.90,0.99,5200, 4/24/2026
BR,VS1,F,0.90,0.99,4400, 4/24/2026
BR,VS2,F,0.90,0.99,3800, 4/24/2026
BR,SI1,F,0.90,0.99,3000, 4/24/2026
BR,SI2,F,0.90,0.99,2400, 4/24/2026
BR,SI3,F,0.90,0.99,2200, 4/24/2026
BR,I1,F,0.90,0.99,2100, 4/24/2026
BR,I2,F,0.90,0.99,1800, 4/24/2026
BR,I3,F,0.90,0.99,1300, 4/24/2026
BR,IF,G,0.90,0.99,5900, 4/24/2026
BR,VVS1,G,0.90,0.99,5200, 4/24/2026
BR,VVS2,G,0.90,0.99,4500, 4/24/2026
BR,VS1,G,0.90,0.99,4000, 4/24/2026
BR,VS2,G,0.90,0.99,3500, 4/24/2026
BR,SI1,G,0.90,0.99,2800, 4/24/2026
BR,SI2,G,0.90,0.99,2300, 4/24/2026
BR,SI3,G,0.90,0.99,2100, 4/24/2026
BR,I1,G,0.90,0.99,2000, 4/24/2026
BR,I2,G,0.90,0.99,1700, 4/24/2026
BR,I3,G,0.90,0.99,1200, 4/24/2026
BR,IF,H,0.90,0.99,4700, 4/24/2026
BR,VVS1,H,0.90,0.99,4300, 4/24/2026
BR,VVS2,H,0.90,0.99,3900, 4/24/2026
BR,VS1,H,0.90,0.99,3400, 4/24/2026
BR,VS2,H,0.90,0.99,3100, 4/24/2026
BR,SI1,H,0.90,0.99,2600, 4/24/2026
BR,SI2,H,0.90,0.99,2200, 4/24/2026
BR,SI3,H,0.90,0.99,2000, 4/24/2026
BR,I1,H,0.90,0.99,1900, 4/24/2026
BR,I2,H,0.90,0.99,1600, 4/24/2026
BR,I3,H,0.90,0.99,1200, 4/24/2026
BR,IF,I,0.90,0.99,4100, 4/24/2026
BR,VVS1,I,0.90,0.99,3700, 4/24/2026
BR,VVS2,I,0.90,0.99,3400, 4/24/2026
BR,VS1,I,0.90,0.99,3000, 4/24/2026
BR,VS2,I,0.90,0.99,2800, 4/24/2026
BR,SI1,I,0.90,0.99,2400, 4/24/2026
BR,SI2,I,0.90,0.99,2000, 4/24/2026
BR,SI3,I,0.90,0.99,1900, 4/24/2026
BR,I1,I,0.90,0.99,1800, 4/24/2026
BR,I2,I,0.90,0.99,1500, 4/24/2026
BR,I3,I,0.90,0.99,1100, 4/24/2026
BR,IF,J,0.90,0.99,3500, 4/24/2026
BR,VVS1,J,0.90,0.99,3200, 4/24/2026
BR,VVS2,J,0.90,0.99,2900, 4/24/2026
BR,VS1,J,0.90,0.99,2600, 4/24/2026
BR,VS2,J,0.90,0.99,2400, 4/24/2026
BR,SI1,J,0.90,0.99,2100, 4/24/2026
BR,SI2,J,0.90,0.99,1900, 4/24/2026
BR,SI3,J,0.90,0.99,1800, 4/24/2026
BR,I1,J,0.90,0.99,1700, 4/24/2026
BR,I2,J,0.90,0.99,1400, 4/24/2026
BR,I3,J,0.90,0.99,1000, 4/24/2026
BR,IF,K,0.90,0.99,3000, 4/24/2026
BR,VVS1,K,0.90,0.99,2700, 4/24/2026
BR,VVS2,K,0.90,0.99,2500, 4/24/2026
BR,VS1,K,0.90,0.99,2300, 4/24/2026
BR,VS2,K,0.90,0.99,2100, 4/24/2026
BR,SI1,K,0.90,0.99,1900, 4/24/2026
BR,SI2,K,0.90,0.99,1700, 4/24/2026
BR,SI3,K,0.90,0.99,1600, 4/24/2026
BR,I1,K,0.90,0.99,1500, 4/24/2026
BR,I2,K,0.90,0.99,1300, 4/24/2026
BR,I3,K,0.90,0.99,900, 4/24/2026
BR,IF,L,0.90,0.99,2600, 4/24/2026
BR,VVS1,L,0.90,0.99,2300, 4/24/2026
BR,VVS2,L,0.90,0.99,2100, 4/24/2026
BR,VS1,L,0.90,0.99,2000, 4/24/2026
BR,VS2,L,0.90,0.99,1800, 4/24/2026
BR,SI1,L,0.90,0.99,1600, 4/24/2026
BR,SI2,L,0.90,0.99,1500, 4/24/2026
BR,SI3,L,0.90,0.99,1500, 4/24/2026
BR,I1,L,0.90,0.99,1400, 4/24/2026
BR,I2,L,0.90,0.99,1200, 4/24/2026
BR,I3,L,0.90,0.99,800, 4/24/2026
BR,IF,M,0.90,0.99,2300, 4/24/2026
BR,VVS1,M,0.90,0.99,2000, 4/24/2026
BR,VVS2,M,0.90,0.99,1800, 4/24/2026
BR,VS1,M,0.90,0.99,1700, 4/24/2026
BR,VS2,M,0.90,0.99,1600, 4/24/2026
BR,SI1,M,0.90,0.99,1500, 4/24/2026
BR,SI2,M,0.90,0.99,1400, 4/24/2026
BR,SI3,M,0.90,0.99,1400, 4/24/2026
BR,I1,M,0.90,0.99,1300, 4/24/2026
BR,I2,M,0.90,0.99,1000, 4/24/2026
BR,I3,M,0.90,0.99,700, 4/24/2026
BR,IF,D,1.00,1.49,15000, 4/24/2026
BR,VVS1,D,1.00,1.49,11800, 4/24/2026
BR,VVS2,D,1.00,1.49,8900, 4/24/2026
BR,VS1,D,1.00,1.49,7600, 4/24/2026
BR,VS2,D,1.00,1.49,6300, 4/24/2026
BR,SI1,D,1.00,1.49,4800, 4/24/2026
BR,SI2,D,1.00,1.49,3700, 4/24/2026
BR,SI3,D,1.00,1.49,3200, 4/24/2026
BR,I1,D,1.00,1.49,3000, 4/24/2026
BR,I2,D,1.00,1.49,2300, 4/24/2026
BR,I3,D,1.00,1.49,1600, 4/24/2026
BR,IF,E,1.00,1.49,11500, 4/24/2026
BR,VVS1,E,1.00,1.49,10200, 4/24/2026
BR,VVS2,E,1.00,1.49,8100, 4/24/2026
BR,VS1,E,1.00,1.49,6900, 4/24/2026
BR,VS2,E,1.00,1.49,5700, 4/24/2026
BR,SI1,E,1.00,1.49,4400, 4/24/2026
BR,SI2,E,1.00,1.49,3400, 4/24/2026
BR,SI3,E,1.00,1.49,3000, 4/24/2026
BR,I1,E,1.00,1.49,2800, 4/24/2026
BR,I2,E,1.00,1.49,2200, 4/24/2026
BR,I3,E,1.00,1.49,1500, 4/24/2026
BR,IF,F,1.00,1.49,9600, 4/24/2026
BR,VVS1,F,1.00,1.49,8700, 4/24/2026
BR,VVS2,F,1.00,1.49,7400, 4/24/2026
BR,VS1,F,1.00,1.49,6300, 4/24/2026
BR,VS2,F,1.00,1.49,5200, 4/24/2026
BR,SI1,F,1.00,1.49,4100, 4/24/2026
BR,SI2,F,1.00,1.49,3200, 4/24/2026
BR,SI3,F,1.00,1.49,2800, 4/24/2026
BR,I1,F,1.00,1.49,2600, 4/24/2026
BR,I2,F,1.00,1.49,2100, 4/24/2026
BR,I3,F,1.00,1.49,1400, 4/24/2026
BR,IF,G,1.00,1.49,7500, 4/24/2026
BR,VVS1,G,1.00,1.49,6800, 4/24/2026
BR,VVS2,G,1.00,1.49,6200, 4/24/2026
BR,VS1,G,1.00,1.49,5400, 4/24/2026
BR,VS2,G,1.00,1.49,4700, 4/24/2026
BR,SI1,G,1.00,1.49,3700, 4/24/2026
BR,SI2,G,1.00,1.49,3000, 4/24/2026
BR,SI3,G,1.00,1.49,2600, 4/24/2026
BR,I1,G,1.00,1.49,2400, 4/24/2026
BR,I2,G,1.00,1.49,2000, 4/24/2026
BR,I3,G,1.00,1.49,1300, 4/24/2026
BR,IF,H,1.00,1.49,5800, 4/24/2026
BR,VVS1,H,1.00,1.49,5300, 4/24/2026
BR,VVS2,H,1.00,1.49,4900, 4/24/2026
BR,VS1,H,1.00,1.49,4500, 4/24/2026
BR,VS2,H,1.00,1.49,4200, 4/24/2026
BR,SI1,H,1.00,1.49,3400, 4/24/2026
BR,SI2,H,1.00,1.49,2800, 4/24/2026
BR,SI3,H,1.00,1.49,2500, 4/24/2026
BR,I1,H,1.00,1.49,2300, 4/24/2026
BR,I2,H,1.00,1.49,1900, 4/24/2026
BR,I3,H,1.00,1.49,1300, 4/24/2026
BR,IF,I,1.00,1.49,4800, 4/24/2026
BR,VVS1,I,1.00,1.49,4400, 4/24/2026
BR,VVS2,I,1.00,1.49,4100, 4/24/2026
BR,VS1,I,1.00,1.49,3800, 4/24/2026
BR,VS2,I,1.00,1.49,3500, 4/24/2026
BR,SI1,I,1.00,1.49,3100, 4/24/2026
BR,SI2,I,1.00,1.49,2600, 4/24/2026
BR,SI3,I,1.00,1.49,2400, 4/24/2026
BR,I1,I,1.00,1.49,2200, 4/24/2026
BR,I2,I,1.00,1.49,1800, 4/24/2026
BR,I3,I,1.00,1.49,1200, 4/24/2026
BR,IF,J,1.00,1.49,4000, 4/24/2026
BR,VVS1,J,1.00,1.49,3600, 4/24/2026
BR,VVS2,J,1.00,1.49,3300, 4/24/2026
BR,VS1,J,1.00,1.49,3100, 4/24/2026
BR,VS2,J,1.00,1.49,2900, 4/24/2026
BR,SI1,J,1.00,1.49,2600, 4/24/2026
BR,SI2,J,1.00,1.49,2300, 4/24/2026
BR,SI3,J,1.00,1.49,2100, 4/24/2026
BR,I1,J,1.00,1.49,2000, 4/24/2026
BR,I2,J,1.00,1.49,1700, 4/24/2026
BR,I3,J,1.00,1.49,1200, 4/24/2026
BR,IF,K,1.00,1.49,3400, 4/24/2026
BR,VVS1,K,1.00,1.49,3100, 4/24/2026
BR,VVS2,K,1.00,1.49,2900, 4/24/2026
BR,VS1,K,1.00,1.49,2700, 4/24/2026
BR,VS2,K,1.00,1.49,2500, 4/24/2026
BR,SI1,K,1.00,1.49,2300, 4/24/2026
BR,SI2,K,1.00,1.49,2100, 4/24/2026
BR,SI3,K,1.00,1.49,2000, 4/24/2026
BR,I1,K,1.00,1.49,1900, 4/24/2026
BR,I2,K,1.00,1.49,1600, 4/24/2026
BR,I3,K,1.00,1.49,1100, 4/24/2026
BR,IF,L,1.00,1.49,2900, 4/24/2026
BR,VVS1,L,1.00,1.49,2700, 4/24/2026
BR,VVS2,L,1.00,1.49,2500, 4/24/2026
BR,VS1,L,1.00,1.49,2300, 4/24/2026
BR,VS2,L,1.00,1.49,2100, 4/24/2026
BR,SI1,L,1.00,1.49,1900, 4/24/2026
BR,SI2,L,1.00,1.49,1800, 4/24/2026
BR,SI3,L,1.00,1.49,1700, 4/24/2026
BR,I1,L,1.00,1.49,1600, 4/24/2026
BR,I2,L,1.00,1.49,1500, 4/24/2026
BR,I3,L,1.00,1.49,1000, 4/24/2026
BR,IF,M,1.00,1.49,2500, 4/24/2026
BR,VVS1,M,1.00,1.49,2300, 4/24/2026
BR,VVS2,M,1.00,1.49,2200, 4/24/2026
BR,VS1,M,1.00,1.49,2100, 4/24/2026
BR,VS2,M,1.00,1.49,1900, 4/24/2026
BR,SI1,M,1.00,1.49,1700, 4/24/2026
BR,SI2,M,1.00,1.49,1600, 4/24/2026
BR,SI3,M,1.00,1.49,1500, 4/24/2026
BR,I1,M,1.00,1.49,1400, 4/24/2026
BR,I2,M,1.00,1.49,1400, 4/24/2026
BR,I3,M,1.00,1.49,1000, 4/24/2026
BR,IF,D,1.50,1.99,20000, 4/24/2026
BR,VVS1,D,1.50,1.99,17800, 4/24/2026
BR,VVS2,D,1.50,1.99,14600, 4/24/2026
BR,VS1,D,1.50,1.99,12700, 4/24/2026
BR,VS2,D,1.50,1.99,11400, 4/24/2026
BR,SI1,D,1.50,1.99,8800, 4/24/2026
BR,SI2,D,1.50,1.99,7100, 4/24/2026
BR,SI3,D,1.50,1.99,6300, 4/24/2026
BR,I1,D,1.50,1.99,5200, 4/24/2026
BR,I2,D,1.50,1.99,3300, 4/24/2026
BR,I3,D,1.50,1.99,1800, 4/24/2026
BR,IF,E,1.50,1.99,17900, 4/24/2026
BR,VVS1,E,1.50,1.99,16400, 4/24/2026
BR,VVS2,E,1.50,1.99,13600, 4/24/2026
BR,VS1,E,1.50,1.99,11600, 4/24/2026
BR,VS2,E,1.50,1.99,10500, 4/24/2026
BR,SI1,E,1.50,1.99,8200, 4/24/2026
BR,SI2,E,1.50,1.99,6500, 4/24/2026
BR,SI3,E,1.50,1.99,5700, 4/24/2026
BR,I1,E,1.50,1.99,4900, 4/24/2026
BR,I2,E,1.50,1.99,3100, 4/24/2026
BR,I3,E,1.50,1.99,1700, 4/24/2026
BR,IF,F,1.50,1.99,15600, 4/24/2026
BR,VVS1,F,1.50,1.99,14500, 4/24/2026
BR,VVS2,F,1.50,1.99,12500, 4/24/2026
BR,VS1,F,1.50,1.99,10800, 4/24/2026
BR,VS2,F,1.50,1.99,9800, 4/24/2026
BR,SI1,F,1.50,1.99,7700, 4/24/2026
BR,SI2,F,1.50,1.99,6100, 4/24/2026
BR,SI3,F,1.50,1.99,5400, 4/24/2026
BR,I1,F,1.50,1.99,4700, 4/24/2026
BR,I2,F,1.50,1.99,3000, 4/24/2026
BR,I3,F,1.50,1.99,1600, 4/24/2026
BR,IF,G,1.50,1.99,12900, 4/24/2026
BR,VVS1,G,1.50,1.99,12000, 4/24/2026
BR,VVS2,G,1.50,1.99,10800, 4/24/2026
BR,VS1,G,1.50,1.99,9400, 4/24/2026
BR,VS2,G,1.50,1.99,8500, 4/24/2026
BR,SI1,G,1.50,1.99,7100, 4/24/2026
BR,SI2,G,1.50,1.99,5700, 4/24/2026
BR,SI3,G,1.50,1.99,5100, 4/24/2026
BR,I1,G,1.50,1.99,4400, 4/24/2026
BR,I2,G,1.50,1.99,2900, 4/24/2026
BR,I3,G,1.50,1.99,1500, 4/24/2026
BR,IF,H,1.50,1.99,10300, 4/24/2026
BR,VVS1,H,1.50,1.99,9500, 4/24/2026
BR,VVS2,H,1.50,1.99,8600, 4/24/2026
BR,VS1,H,1.50,1.99,7700, 4/24/2026
BR,VS2,H,1.50,1.99,7000, 4/24/2026
BR,SI1,H,1.50,1.99,6300, 4/24/2026
BR,SI2,H,1.50,1.99,5200, 4/24/2026
BR,SI3,H,1.50,1.99,4800, 4/24/2026
BR,I1,H,1.50,1.99,4000, 4/24/2026
BR,I2,H,1.50,1.99,2800, 4/24/2026
BR,I3,H,1.50,1.99,1500, 4/24/2026
BR,IF,I,1.50,1.99,8300, 4/24/2026
BR,VVS1,I,1.50,1.99,7700, 4/24/2026
BR,VVS2,I,1.50,1.99,6900, 4/24/2026
BR,VS1,I,1.50,1.99,6500, 4/24/2026
BR,VS2,I,1.50,1.99,6000, 4/24/2026
BR,SI1,I,1.50,1.99,5300, 4/24/2026
BR,SI2,I,1.50,1.99,4800, 4/24/2026
BR,SI3,I,1.50,1.99,4400, 4/24/2026
BR,I1,I,1.50,1.99,3700, 4/24/2026
BR,I2,I,1.50,1.99,2600, 4/24/2026
BR,I3,I,1.50,1.99,1400, 4/24/2026
BR,IF,J,1.50,1.99,7000, 4/24/2026
BR,VVS1,J,1.50,1.99,6400, 4/24/2026
BR,VVS2,J,1.50,1.99,5800, 4/24/2026
BR,VS1,J,1.50,1.99,5400, 4/24/2026
BR,VS2,J,1.50,1.99,5000, 4/24/2026
BR,SI1,J,1.50,1.99,4600, 4/24/2026
BR,SI2,J,1.50,1.99,4100, 4/24/2026
BR,SI3,J,1.50,1.99,3700, 4/24/2026
BR,I1,J,1.50,1.99,3300, 4/24/2026
BR,I2,J,1.50,1.99,2500, 4/24/2026
BR,I3,J,1.50,1.99,1400, 4/24/2026
BR,IF,K,1.50,1.99,6000, 4/24/2026
BR,VVS1,K,1.50,1.99,5300, 4/24/2026
BR,VVS2,K,1.50,1.99,4800, 4/24/2026
BR,VS1,K,1.50,1.99,4500, 4/24/2026
BR,VS2,K,1.50,1.99,4200, 4/24/2026
BR,SI1,K,1.50,1.99,3800, 4/24/2026
BR,SI2,K,1.50,1.99,3500, 4/24/2026
BR,SI3,K,1.50,1.99,3200, 4/24/2026
BR,I1,K,1.50,1.99,2900, 4/24/2026
BR,I2,K,1.50,1.99,2300, 4/24/2026
BR,I3,K,1.50,1.99,1300, 4/24/2026
BR,IF,L,1.50,1.99,5000, 4/24/2026
BR,VVS1,L,1.50,1.99,4500, 4/24/2026
BR,VVS2,L,1.50,1.99,4100, 4/24/2026
BR,VS1,L,1.50,1.99,3800, 4/24/2026
BR,VS2,L,1.50,1.99,3600, 4/24/2026
BR,SI1,L,1.50,1.99,3300, 4/24/2026
BR,SI2,L,1.50,1.99,3100, 4/24/2026
BR,SI3,L,1.50,1.99,2900, 4/24/2026
BR,I1,L,1.50,1.99,2800, 4/24/2026
BR,I2,L,1.50,1.99,2200, 4/24/2026
BR,I3,L,1.50,1.99,1200, 4/24/2026
BR,IF,M,1.50,1.99,4400, 4/24/2026
BR,VVS1,M,1.50,1.99,3900, 4/24/2026
BR,VVS2,M,1.50,1.99,3700, 4/24/2026
BR,VS1,M,1.50,1.99,3400, 4/24/2026
BR,VS2,M,1.50,1.99,3200, 4/24/2026
BR,SI1,M,1.50,1.99,3000, 4/24/2026
BR,SI2,M,1.50,1.99,2900, 4/24/2026
BR,SI3,M,1.50,1.99,2700, 4/24/2026
BR,I1,M,1.50,1.99,2600, 4/24/2026
BR,I2,M,1.50,1.99,2100, 4/24/2026
BR,I3,M,1.50,1.99,1200, 4/24/2026
BR,IF,D,2.00,2.99,33000, 4/24/2026
BR,VVS1,D,2.00,2.99,27500, 4/24/2026
BR,VVS2,D,2.00,2.99,23500, 4/24/2026
BR,VS1,D,2.00,2.99,20500, 4/24/2026
BR,VS2,D,2.00,2.99,17500, 4/24/2026
BR,SI1,D,2.00,2.99,14100, 4/24/2026
BR,SI2,D,2.00,2.99,11300, 4/24/2026
BR,SI3,D,2.00,2.99,9500, 4/24/2026
BR,I1,D,2.00,2.99,8000, 4/24/2026
BR,I2,D,2.00,2.99,4100, 4/24/2026
BR,I3,D,2.00,2.99,1900, 4/24/2026
BR,IF,E,2.00,2.99,27000, 4/24/2026
BR,VVS1,E,2.00,2.99,24500, 4/24/2026
BR,VVS2,E,2.00,2.99,21000, 4/24/2026
BR,VS1,E,2.00,2.99,19000, 4/24/2026
BR,VS2,E,2.00,2.99,16000, 4/24/2026
BR,SI1,E,2.00,2.99,13200, 4/24/2026
BR,SI2,E,2.00,2.99,10500, 4/24/2026
BR,SI3,E,2.00,2.99,8800, 4/24/2026
BR,I1,E,2.00,2.99,7600, 4/24/2026
BR,I2,E,2.00,2.99,3900, 4/24/2026
BR,I3,E,2.00,2.99,1800, 4/24/2026
BR,IF,F,2.00,2.99,24500, 4/24/2026
BR,VVS1,F,2.00,2.99,22000, 4/24/2026
BR,VVS2,F,2.00,2.99,19500, 4/24/2026
BR,VS1,F,2.00,2.99,17500, 4/24/2026
BR,VS2,F,2.00,2.99,15000, 4/24/2026
BR,SI1,F,2.00,2.99,12300, 4/24/2026
BR,SI2,F,2.00,2.99,9800, 4/24/2026
BR,SI3,F,2.00,2.99,8300, 4/24/2026
BR,I1,F,2.00,2.99,7200, 4/24/2026
BR,I2,F,2.00,2.99,3700, 4/24/2026
BR,I3,F,2.00,2.99,1700, 4/24/2026
BR,IF,G,2.00,2.99,20500, 4/24/2026
BR,VVS1,G,2.00,2.99,18500, 4/24/2026
BR,VVS2,G,2.00,2.99,16500, 4/24/2026
BR,VS1,G,2.00,2.99,15000, 4/24/2026
BR,VS2,G,2.00,2.99,13500, 4/24/2026
BR,SI1,G,2.00,2.99,11200, 4/24/2026
BR,SI2,G,2.00,2.99,9200, 4/24/2026
BR,SI3,G,2.00,2.99,7700, 4/24/2026
BR,I1,G,2.00,2.99,6800, 4/24/2026
BR,I2,G,2.00,2.99,3500, 4/24/2026
BR,I3,G,2.00,2.99,1600, 4/24/2026
BR,IF,H,2.00,2.99,16500, 4/24/2026
BR,VVS1,H,2.00,2.99,15000, 4/24/2026
BR,VVS2,H,2.00,2.99,13500, 4/24/2026
BR,VS1,H,2.00,2.99,12500, 4/24/2026
BR,VS2,H,2.00,2.99,11500, 4/24/2026
BR,SI1,H,2.00,2.99,10400, 4/24/2026
BR,SI2,H,2.00,2.99,8600, 4/24/2026
BR,SI3,H,2.00,2.99,7100, 4/24/2026
BR,I1,H,2.00,2.99,6500, 4/24/2026
BR,I2,H,2.00,2.99,3300, 4/24/2026
BR,I3,H,2.00,2.99,1500, 4/24/2026
BR,IF,I,2.00,2.99,13500, 4/24/2026
BR,VVS1,I,2.00,2.99,12000, 4/24/2026
BR,VVS2,I,2.00,2.99,11000, 4/24/2026
BR,VS1,I,2.00,2.99,10000, 4/24/2026
BR,VS2,I,2.00,2.99,9300, 4/24/2026
BR,SI1,I,2.00,2.99,8600, 4/24/2026
BR,SI2,I,2.00,2.99,7800, 4/24/2026
BR,SI3,I,2.00,2.99,6600, 4/24/2026
BR,I1,I,2.00,2.99,6100, 4/24/2026
BR,I2,I,2.00,2.99,3100, 4/24/2026
BR,I3,I,2.00,2.99,1500, 4/24/2026
BR,IF,J,2.00,2.99,10900, 4/24/2026
BR,VVS1,J,2.00,2.99,9900, 4/24/2026
BR,VVS2,J,2.00,2.99,9100, 4/24/2026
BR,VS1,J,2.00,2.99,8400, 4/24/2026
BR,VS2,J,2.00,2.99,7600, 4/24/2026
BR,SI1,J,2.00,2.99,6900, 4/24/2026
BR,SI2,J,2.00,2.99,6300, 4/24/2026
BR,SI3,J,2.00,2.99,5700, 4/24/2026
BR,I1,J,2.00,2.99,5400, 4/24/2026
BR,I2,J,2.00,2.99,2900, 4/24/2026
BR,I3,J,2.00,2.99,1400, 4/24/2026
BR,IF,K,2.00,2.99,9100, 4/24/2026
BR,VVS1,K,2.00,2.99,8300, 4/24/2026
BR,VVS2,K,2.00,2.99,7600, 4/24/2026
BR,VS1,K,2.00,2.99,7000, 4/24/2026
BR,VS2,K,2.00,2.99,6300, 4/24/2026
BR,SI1,K,2.00,2.99,5700, 4/24/2026
BR,SI2,K,2.00,2.99,5300, 4/24/2026
BR,SI3,K,2.00,2.99,5000, 4/24/2026
BR,I1,K,2.00,2.99,4700, 4/24/2026
BR,I2,K,2.00,2.99,2800, 4/24/2026
BR,I3,K,2.00,2.99,1400, 4/24/2026
BR,IF,L,2.00,2.99,7800, 4/24/2026
BR,VVS1,L,2.00,2.99,7100, 4/24/2026
BR,VVS2,L,2.00,2.99,6600, 4/24/2026
BR,VS1,L,2.00,2.99,6100, 4/24/2026
BR,VS2,L,2.00,2.99,5400, 4/24/2026
BR,SI1,L,2.00,2.99,5000, 4/24/2026
BR,SI2,L,2.00,2.99,4600, 4/24/2026
BR,SI3,L,2.00,2.99,4300, 4/24/2026
BR,I1,L,2.00,2.99,4000, 4/24/2026
BR,I2,L,2.00,2.99,2700, 4/24/2026
BR,I3,L,2.00,2.99,1300, 4/24/2026
BR,IF,M,2.00,2.99,6800, 4/24/2026
BR,VVS1,M,2.00,2.99,6300, 4/24/2026
BR,VVS2,M,2.00,2.99,5700, 4/24/2026
BR,VS1,M,2.00,2.99,5400, 4/24/2026
BR,VS2,M,2.00,2.99,4800, 4/24/2026
BR,SI1,M,2.00,2.99,4500, 4/24/2026
BR,SI2,M,2.00,2.99,4200, 4/24/2026
BR,SI3,M,2.00,2.99,4000, 4/24/2026
BR,I1,M,2.00,2.99,3800, 4/24/2026
BR,I2,M,2.00,2.99,2600, 4/24/2026
BR,I3,M,2.00,2.99,1300, 4/24/2026
BR,IF,D,3.00,3.99,55000, 4/24/2026
BR,VVS1,D,3.00,3.99,46000, 4/24/2026
BR,VVS2,D,3.00,3.99,41000, 4/24/2026
BR,VS1,D,3.00,3.99,35000, 4/24/2026
BR,VS2,D,3.00,3.99,29500, 4/24/2026
BR,SI1,D,3.00,3.99,23500, 4/24/2026
BR,SI2,D,3.00,3.99,20000, 4/24/2026
BR,SI3,D,3.00,3.99,13900, 4/24/2026
BR,I1,D,3.00,3.99,10300, 4/24/2026
BR,I2,D,3.00,3.99,4900, 4/24/2026
BR,I3,D,3.00,3.99,2100, 4/24/2026
BR,IF,E,3.00,3.99,45000, 4/24/2026
BR,VVS1,E,3.00,3.99,42000, 4/24/2026
BR,VVS2,E,3.00,3.99,37000, 4/24/2026
BR,VS1,E,3.00,3.99,32000, 4/24/2026
BR,VS2,E,3.00,3.99,26500, 4/24/2026
BR,SI1,E,3.00,3.99,21000, 4/24/2026
BR,SI2,E,3.00,3.99,18500, 4/24/2026
BR,SI3,E,3.00,3.99,13100, 4/24/2026
BR,I1,E,3.00,3.99,9800, 4/24/2026
BR,I2,E,3.00,3.99,4700, 4/24/2026
BR,I3,E,3.00,3.99,2000, 4/24/2026
BR,IF,F,3.00,3.99,40500, 4/24/2026
BR,VVS1,F,3.00,3.99,37500, 4/24/2026
BR,VVS2,F,3.00,3.99,33500, 4/24/2026
BR,VS1,F,3.00,3.99,29500, 4/24/2026
BR,VS2,F,3.00,3.99,24500, 4/24/2026
BR,SI1,F,3.00,3.99,19500, 4/24/2026
BR,SI2,F,3.00,3.99,17000, 4/24/2026
BR,SI3,F,3.00,3.99,12400, 4/24/2026
BR,I1,F,3.00,3.99,9300, 4/24/2026
BR,I2,F,3.00,3.99,4500, 4/24/2026
BR,I3,F,3.00,3.99,1900, 4/24/2026
BR,IF,G,3.00,3.99,33500, 4/24/2026
BR,VVS1,G,3.00,3.99,31500, 4/24/2026
BR,VVS2,G,3.00,3.99,28000, 4/24/2026
BR,VS1,G,3.00,3.99,24500, 4/24/2026
BR,VS2,G,3.00,3.99,21000, 4/24/2026
BR,SI1,G,3.00,3.99,18000, 4/24/2026
BR,SI2,G,3.00,3.99,15500, 4/24/2026
BR,SI3,G,3.00,3.99,11200, 4/24/2026
BR,I1,G,3.00,3.99,8700, 4/24/2026
BR,I2,G,3.00,3.99,4300, 4/24/2026
BR,I3,G,3.00,3.99,1800, 4/24/2026
BR,IF,H,3.00,3.99,27000, 4/24/2026
BR,VVS1,H,3.00,3.99,25000, 4/24/2026
BR,VVS2,H,3.00,3.99,22500, 4/24/2026
BR,VS1,H,3.00,3.99,20500, 4/24/2026
BR,VS2,H,3.00,3.99,18500, 4/24/2026
BR,SI1,H,3.00,3.99,16000, 4/24/2026
BR,SI2,H,3.00,3.99,13500, 4/24/2026
BR,SI3,H,3.00,3.99,10100, 4/24/2026
BR,I1,H,3.00,3.99,8200, 4/24/2026
BR,I2,H,3.00,3.99,4100, 4/24/2026
BR,I3,H,3.00,3.99,1700, 4/24/2026
BR,IF,I,3.00,3.99,22000, 4/24/2026
BR,VVS1,I,3.00,3.99,20500, 4/24/2026
BR,VVS2,I,3.00,3.99,19000, 4/24/2026
BR,VS1,I,3.00,3.99,17500, 4/24/2026
BR,VS2,I,3.00,3.99,16000, 4/24/2026
BR,SI1,I,3.00,3.99,14000, 4/24/2026
BR,SI2,I,3.00,3.99,12000, 4/24/2026
BR,SI3,I,3.00,3.99,9200, 4/24/2026
BR,I1,I,3.00,3.99,7700, 4/24/2026
BR,I2,I,3.00,3.99,3800, 4/24/2026
BR,I3,I,3.00,3.99,1600, 4/24/2026
BR,IF,J,3.00,3.99,17500, 4/24/2026
BR,VVS1,J,3.00,3.99,16500, 4/24/2026
BR,VVS2,J,3.00,3.99,15000, 4/24/2026
BR,VS1,J,3.00,3.99,14000, 4/24/2026
BR,VS2,J,3.00,3.99,13000, 4/24/2026
BR,SI1,J,3.00,3.99,12000, 4/24/2026
BR,SI2,J,3.00,3.99,11000, 4/24/2026
BR,SI3,J,3.00,3.99,8400, 4/24/2026
BR,I1,J,3.00,3.99,7100, 4/24/2026
BR,I2,J,3.00,3.99,3500, 4/24/2026
BR,I3,J,3.00,3.99,1500, 4/24/2026
BR,IF,K,3.00,3.99,14500, 4/24/2026
BR,VVS1,K,3.00,3.99,13500, 4/24/2026
BR,VVS2,K,3.00,3.99,12500, 4/24/2026
BR,VS1,K,3.00,3.99,12000, 4/24/2026
BR,VS2,K,3.00,3.99,11000, 4/24/2026
BR,SI1,K,3.00,3.99,10300, 4/24/2026
BR,SI2,K,3.00,3.99,9700, 4/24/2026
BR,SI3,K,3.00,3.99,7600, 4/24/2026
BR,I1,K,3.00,3.99,6200, 4/24/2026
BR,I2,K,3.00,3.99,3300, 4/24/2026
BR,I3,K,3.00,3.99,1500, 4/24/2026
BR,IF,L,3.00,3.99,11700, 4/24/2026
BR,VVS1,L,3.00,3.99,11100, 4/24/2026
BR,VVS2,L,3.00,3.99,10700, 4/24/2026
BR,VS1,L,3.00,3.99,10300, 4/24/2026
BR,VS2,L,3.00,3.99,9500, 4/24/2026
BR,SI1,L,3.00,3.99,9000, 4/24/2026
BR,SI2,L,3.00,3.99,8200, 4/24/2026
BR,SI3,L,3.00,3.99,6500, 4/24/2026
BR,I1,L,3.00,3.99,5500, 4/24/2026
BR,I2,L,3.00,3.99,3100, 4/24/2026
BR,I3,L,3.00,3.99,1400, 4/24/2026
BR,IF,M,3.00,3.99,9500, 4/24/2026
BR,VVS1,M,3.00,3.99,9100, 4/24/2026
BR,VVS2,M,3.00,3.99,8700, 4/24/2026
BR,VS1,M,3.00,3.99,8300, 4/24/2026
BR,VS2,M,3.00,3.99,7900, 4/24/2026
BR,SI1,M,3.00,3.99,7500, 4/24/2026
BR,SI2,M,3.00,3.99,6700, 4/24/2026
BR,SI3,M,3.00,3.99,5800, 4/24/2026
BR,I1,M,3.00,3.99,4700, 4/24/2026
BR,I2,M,3.00,3.99,3000, 4/24/2026
BR,I3,M,3.00,3.99,1400, 4/24/2026
BR,IF,D,4.00,4.99,74500, 4/24/2026
BR,VVS1,D,4.00,4.99,64500, 4/24/2026
BR,VVS2,D,4.00,4.99,58500, 4/24/2026
BR,VS1,D,4.00,4.99,49500, 4/24/2026
BR,VS2,D,4.00,4.99,41500, 4/24/2026
BR,SI1,D,4.00,4.99,31500, 4/24/2026
BR,SI2,D,4.00,4.99,25500, 4/24/2026
BR,SI3,D,4.00,4.99,15500, 4/24/2026
BR,I1,D,4.00,4.99,11100, 4/24/2026
BR,I2,D,4.00,4.99,5400, 4/24/2026
BR,I3,D,4.00,4.99,2300, 4/24/2026
BR,IF,E,4.00,4.99,62500, 4/24/2026
BR,VVS1,E,4.00,4.99,58500, 4/24/2026
BR,VVS2,E,4.00,4.99,52500, 4/24/2026
BR,VS1,E,4.00,4.99,45000, 4/24/2026
BR,VS2,E,4.00,4.99,39000, 4/24/2026
BR,SI1,E,4.00,4.99,29500, 4/24/2026
BR,SI2,E,4.00,4.99,24000, 4/24/2026
BR,SI3,E,4.00,4.99,14500, 4/24/2026
BR,I1,E,4.00,4.99,10600, 4/24/2026
BR,I2,E,4.00,4.99,5200, 4/24/2026
BR,I3,E,4.00,4.99,2200, 4/24/2026
BR,IF,F,4.00,4.99,56500, 4/24/2026
BR,VVS1,F,4.00,4.99,52000, 4/24/2026
BR,VVS2,F,4.00,4.99,47500, 4/24/2026
BR,VS1,F,4.00,4.99,41000, 4/24/2026
BR,VS2,F,4.00,4.99,35500, 4/24/2026
BR,SI1,F,4.00,4.99,27500, 4/24/2026
BR,SI2,F,4.00,4.99,22500, 4/24/2026
BR,SI3,F,4.00,4.99,13800, 4/24/2026
BR,I1,F,4.00,4.99,10100, 4/24/2026
BR,I2,F,4.00,4.99,5000, 4/24/2026
BR,I3,F,4.00,4.99,2100, 4/24/2026
BR,IF,G,4.00,4.99,46500, 4/24/2026
BR,VVS1,G,4.00,4.99,43000, 4/24/2026
BR,VVS2,G,4.00,4.99,39500, 4/24/2026
BR,VS1,G,4.00,4.99,36000, 4/24/2026
BR,VS2,G,4.00,4.99,31500, 4/24/2026
BR,SI1,G,4.00,4.99,24500, 4/24/2026
BR,SI2,G,4.00,4.99,20000, 4/24/2026
BR,SI3,G,4.00,4.99,12700, 4/24/2026
BR,I1,G,4.00,4.99,9500, 4/24/2026
BR,I2,G,4.00,4.99,4700, 4/24/2026
BR,I3,G,4.00,4.99,2000, 4/24/2026
BR,IF,H,4.00,4.99,36000, 4/24/2026
BR,VVS1,H,4.00,4.99,33500, 4/24/2026
BR,VVS2,H,4.00,4.99,31500, 4/24/2026
BR,VS1,H,4.00,4.99,29500, 4/24/2026
BR,VS2,H,4.00,4.99,26000, 4/24/2026
BR,SI1,H,4.00,4.99,21500, 4/24/2026
BR,SI2,H,4.00,4.99,18000, 4/24/2026
BR,SI3,H,4.00,4.99,11400, 4/24/2026
BR,I1,H,4.00,4.99,9000, 4/24/2026
BR,I2,H,4.00,4.99,4400, 4/24/2026
BR,I3,H,4.00,4.99,1900, 4/24/2026
BR,IF,I,4.00,4.99,28000, 4/24/2026
BR,VVS1,I,4.00,4.99,26000, 4/24/2026
BR,VVS2,I,4.00,4.99,24500, 4/24/2026
BR,VS1,I,4.00,4.99,23000, 4/24/2026
BR,VS2,I,4.00,4.99,21000, 4/24/2026
BR,SI1,I,4.00,4.99,19000, 4/24/2026
BR,SI2,I,4.00,4.99,16000, 4/24/2026
BR,SI3,I,4.00,4.99,10500, 4/24/2026
BR,I1,I,4.00,4.99,8600, 4/24/2026
BR,I2,I,4.00,4.99,4100, 4/24/2026
BR,I3,I,4.00,4.99,1800, 4/24/2026
BR,IF,J,4.00,4.99,22500, 4/24/2026
BR,VVS1,J,4.00,4.99,21000, 4/24/2026
BR,VVS2,J,4.00,4.99,19500, 4/24/2026
BR,VS1,J,4.00,4.99,18500, 4/24/2026
BR,VS2,J,4.00,4.99,17000, 4/24/2026
BR,SI1,J,4.00,4.99,15500, 4/24/2026
BR,SI2,J,4.00,4.99,14000, 4/24/2026
BR,SI3,J,4.00,4.99,9500, 4/24/2026
BR,I1,J,4.00,4.99,7500, 4/24/2026
BR,I2,J,4.00,4.99,3900, 4/24/2026
BR,I3,J,4.00,4.99,1700, 4/24/2026
BR,IF,K,4.00,4.99,18500, 4/24/2026
BR,VVS1,K,4.00,4.99,17500, 4/24/2026
BR,VVS2,K,4.00,4.99,16000, 4/24/2026
BR,VS1,K,4.00,4.99,15000, 4/24/2026
BR,VS2,K,4.00,4.99,14000, 4/24/2026
BR,SI1,K,4.00,4.99,13000, 4/24/2026
BR,SI2,K,4.00,4.99,12000, 4/24/2026
BR,SI3,K,4.00,4.99,8300, 4/24/2026
BR,I1,K,4.00,4.99,6600, 4/24/2026
BR,I2,K,4.00,4.99,3600, 4/24/2026
BR,I3,K,4.00,4.99,1700, 4/24/2026
BR,IF,L,4.00,4.99,15000, 4/24/2026
BR,VVS1,L,4.00,4.99,14000, 4/24/2026
BR,VVS2,L,4.00,4.99,13000, 4/24/2026
BR,VS1,L,4.00,4.99,12000, 4/24/2026
BR,VS2,L,4.00,4.99,11500, 4/24/2026
BR,SI1,L,4.00,4.99,10500, 4/24/2026
BR,SI2,L,4.00,4.99,10000, 4/24/2026
BR,SI3,L,4.00,4.99,7300, 4/24/2026
BR,I1,L,4.00,4.99,5900, 4/24/2026
BR,I2,L,4.00,4.99,3400, 4/24/2026
BR,I3,L,4.00,4.99,1600, 4/24/2026
BR,IF,M,4.00,4.99,12500, 4/24/2026
BR,VVS1,M,4.00,4.99,11500, 4/24/2026
BR,VVS2,M,4.00,4.99,10500, 4/24/2026
BR,VS1,M,4.00,4.99,10000, 4/24/2026
BR,VS2,M,4.00,4.99,9500, 4/24/2026
BR,SI1,M,4.00,4.99,9000, 4/24/2026
BR,SI2,M,4.00,4.99,8000, 4/24/2026
BR,SI3,M,4.00,4.99,6500, 4/24/2026
BR,I1,M,4.00,4.99,5000, 4/24/2026
BR,I2,M,4.00,4.99,3200, 4/24/2026
BR,I3,M,4.00,4.99,1600, 4/24/2026
BR,IF,D,5.00,5.99,100000, 4/24/2026
BR,VVS1,D,5.00,5.99,85500, 4/24/2026
BR,VVS2,D,5.00,5.99,77000, 4/24/2026
BR,VS1,D,5.00,5.99,69000, 4/24/2026
BR,VS2,D,5.00,5.99,58000, 4/24/2026
BR,SI1,D,5.00,5.99,43000, 4/24/2026
BR,SI2,D,5.00,5.99,31500, 4/24/2026
BR,SI3,D,5.00,5.99,17500, 4/24/2026
BR,I1,D,5.00,5.99,12500, 4/24/2026
BR,I2,D,5.00,5.99,6000, 4/24/2026
BR,I3,D,5.00,5.99,2500, 4/24/2026
BR,IF,E,5.00,5.99,83500, 4/24/2026
BR,VVS1,E,5.00,5.99,75000, 4/24/2026
BR,VVS2,E,5.00,5.99,67000, 4/24/2026
BR,VS1,E,5.00,5.99,59500, 4/24/2026
BR,VS2,E,5.00,5.99,52000, 4/24/2026
BR,SI1,E,5.00,5.99,39500, 4/24/2026
BR,SI2,E,5.00,5.99,29500, 4/24/2026
BR,SI3,E,5.00,5.99,17000, 4/24/2026
BR,I1,E,5.00,5.99,12000, 4/24/2026
BR,I2,E,5.00,5.99,5700, 4/24/2026
BR,I3,E,5.00,5.99,2300, 4/24/2026
BR,IF,F,5.00,5.99,73000, 4/24/2026
BR,VVS1,F,5.00,5.99,67000, 4/24/2026
BR,VVS2,F,5.00,5.99,59500, 4/24/2026
BR,VS1,F,5.00,5.99,54000, 4/24/2026
BR,VS2,F,5.00,5.99,46500, 4/24/2026
BR,SI1,F,5.00,5.99,36000, 4/24/2026
BR,SI2,F,5.00,5.99,28000, 4/24/2026
BR,SI3,F,5.00,5.99,16000, 4/24/2026
BR,I1,F,5.00,5.99,11500, 4/24/2026
BR,I2,F,5.00,5.99,5400, 4/24/2026
BR,I3,F,5.00,5.99,2200, 4/24/2026
BR,IF,G,5.00,5.99,60500, 4/24/2026
BR,VVS1,G,5.00,5.99,55500, 4/24/2026
BR,VVS2,G,5.00,5.99,50500, 4/24/2026
BR,VS1,G,5.00,5.99,46000, 4/24/2026
BR,VS2,G,5.00,5.99,39500, 4/24/2026
BR,SI1,G,5.00,5.99,32000, 4/24/2026
BR,SI2,G,5.00,5.99,26000, 4/24/2026
BR,SI3,G,5.00,5.99,15000, 4/24/2026
BR,I1,G,5.00,5.99,11000, 4/24/2026
BR,I2,G,5.00,5.99,5100, 4/24/2026
BR,I3,G,5.00,5.99,2100, 4/24/2026
BR,IF,H,5.00,5.99,48000, 4/24/2026
BR,VVS1,H,5.00,5.99,44500, 4/24/2026
BR,VVS2,H,5.00,5.99,40000, 4/24/2026
BR,VS1,H,5.00,5.99,36000, 4/24/2026
BR,VS2,H,5.00,5.99,32500, 4/24/2026
BR,SI1,H,5.00,5.99,26500, 4/24/2026
BR,SI2,H,5.00,5.99,22500, 4/24/2026
BR,SI3,H,5.00,5.99,14000, 4/24/2026
BR,I1,H,5.00,5.99,10000, 4/24/2026
BR,I2,H,5.00,5.99,4800, 4/24/2026
BR,I3,H,5.00,5.99,2100, 4/24/2026
BR,IF,I,5.00,5.99,36500, 4/24/2026
BR,VVS1,I,5.00,5.99,34500, 4/24/2026
BR,VVS2,I,5.00,5.99,31500, 4/24/2026
BR,VS1,I,5.00,5.99,29000, 4/24/2026
BR,VS2,I,5.00,5.99,25500, 4/24/2026
BR,SI1,I,5.00,5.99,22500, 4/24/2026
BR,SI2,I,5.00,5.99,19500, 4/24/2026
BR,SI3,I,5.00,5.99,13000, 4/24/2026
BR,I1,I,5.00,5.99,9500, 4/24/2026
BR,I2,I,5.00,5.99,4600, 4/24/2026
BR,I3,I,5.00,5.99,2000, 4/24/2026
BR,IF,J,5.00,5.99,28000, 4/24/2026
BR,VVS1,J,5.00,5.99,26000, 4/24/2026
BR,VVS2,J,5.00,5.99,24000, 4/24/2026
BR,VS1,J,5.00,5.99,22000, 4/24/2026
BR,VS2,J,5.00,5.99,20500, 4/24/2026
BR,SI1,J,5.00,5.99,19500, 4/24/2026
BR,SI2,J,5.00,5.99,17000, 4/24/2026
BR,SI3,J,5.00,5.99,12000, 4/24/2026
BR,I1,J,5.00,5.99,8800, 4/24/2026
BR,I2,J,5.00,5.99,4300, 4/24/2026
BR,I3,J,5.00,5.99,1900, 4/24/2026
BR,IF,K,5.00,5.99,22000, 4/24/2026
BR,VVS1,K,5.00,5.99,21000, 4/24/2026
BR,VVS2,K,5.00,5.99,19500, 4/24/2026
BR,VS1,K,5.00,5.99,18000, 4/24/2026
BR,VS2,K,5.00,5.99,17000, 4/24/2026
BR,SI1,K,5.00,5.99,16500, 4/24/2026
BR,SI2,K,5.00,5.99,15000, 4/24/2026
BR,SI3,K,5.00,5.99,11000, 4/24/2026
BR,I1,K,5.00,5.99,8100, 4/24/2026
BR,I2,K,5.00,5.99,4100, 4/24/2026
BR,I3,K,5.00,5.99,1800, 4/24/2026
BR,IF,L,5.00,5.99,18000, 4/24/2026
BR,VVS1,L,5.00,5.99,16500, 4/24/2026
BR,VVS2,L,5.00,5.99,15500, 4/24/2026
BR,VS1,L,5.00,5.99,15000, 4/24/2026
BR,VS2,L,5.00,5.99,14000, 4/24/2026
BR,SI1,L,5.00,5.99,13500, 4/24/2026
BR,SI2,L,5.00,5.99,12500, 4/24/2026
BR,SI3,L,5.00,5.99,10000, 4/24/2026
BR,I1,L,5.00,5.99,6900, 4/24/2026
BR,I2,L,5.00,5.99,3700, 4/24/2026
BR,I3,L,5.00,5.99,1700, 4/24/2026
BR,IF,M,5.00,5.99,15000, 4/24/2026
BR,VVS1,M,5.00,5.99,14000, 4/24/2026
BR,VVS2,M,5.00,5.99,13000, 4/24/2026
BR,VS1,M,5.00,5.99,12500, 4/24/2026
BR,VS2,M,5.00,5.99,12000, 4/24/2026
BR,SI1,M,5.00,5.99,11000, 4/24/2026
BR,SI2,M,5.00,5.99,10000, 4/24/2026
BR,SI3,M,5.00,5.99,8000, 4/24/2026
BR,I1,M,5.00,5.99,6000, 4/24/2026
BR,I2,M,5.00,5.99,3400, 4/24/2026
BR,I3,M,5.00,5.99,1600, 4/24/2026
BR,IF,D,10.00,10.99,140000, 4/24/2026
BR,VVS1,D,10.00,10.99,130000, 4/24/2026
BR,VVS2,D,10.00,10.99,120000, 4/24/2026
BR,VS1,D,10.00,10.99,107000, 4/24/2026
BR,VS2,D,10.00,10.99,90000, 4/24/2026
BR,SI1,D,10.00,10.99,63500, 4/24/2026
BR,SI2,D,10.00,10.99,46500, 4/24/2026
BR,SI3,D,10.00,10.99,25000, 4/24/2026
BR,I1,D,10.00,10.99,14000, 4/24/2026
BR,I2,D,10.00,10.99,6600, 4/24/2026
BR,I3,D,10.00,10.99,2700, 4/24/2026
BR,IF,E,10.00,10.99,127000, 4/24/2026
BR,VVS1,E,10.00,10.99,116000, 4/24/2026
BR,VVS2,E,10.00,10.99,103000, 4/24/2026
BR,VS1,E,10.00,10.99,93000, 4/24/2026
BR,VS2,E,10.00,10.99,82000, 4/24/2026
BR,SI1,E,10.00,10.99,58500, 4/24/2026
BR,SI2,E,10.00,10.99,43000, 4/24/2026
BR,SI3,E,10.00,10.99,23500, 4/24/2026
BR,I1,E,10.00,10.99,13500, 4/24/2026
BR,I2,E,10.00,10.99,6300, 4/24/2026
BR,I3,E,10.00,10.99,2600, 4/24/2026
BR,IF,F,10.00,10.99,111000, 4/24/2026
BR,VVS1,F,10.00,10.99,104000, 4/24/2026
BR,VVS2,F,10.00,10.99,93000, 4/24/2026
BR,VS1,F,10.00,10.99,83500, 4/24/2026
BR,VS2,F,10.00,10.99,71500, 4/24/2026
BR,SI1,F,10.00,10.99,53500, 4/24/2026
BR,SI2,F,10.00,10.99,40000, 4/24/2026
BR,SI3,F,10.00,10.99,22000, 4/24/2026
BR,I1,F,10.00,10.99,13000, 4/24/2026
BR,I2,F,10.00,10.99,6000, 4/24/2026
BR,I3,F,10.00,10.99,2500, 4/24/2026
BR,IF,G,10.00,10.99,93000, 4/24/2026
BR,VVS1,G,10.00,10.99,86500, 4/24/2026
BR,VVS2,G,10.00,10.99,78500, 4/24/2026
BR,VS1,G,10.00,10.99,71500, 4/24/2026
BR,VS2,G,10.00,10.99,61000, 4/24/2026
BR,SI1,G,10.00,10.99,48500, 4/24/2026
BR,SI2,G,10.00,10.99,37000, 4/24/2026
BR,SI3,G,10.00,10.99,20500, 4/24/2026
BR,I1,G,10.00,10.99,12500, 4/24/2026
BR,I2,G,10.00,10.99,5700, 4/24/2026
BR,I3,G,10.00,10.99,2400, 4/24/2026
BR,IF,H,10.00,10.99,75000, 4/24/2026
BR,VVS1,H,10.00,10.99,69500, 4/24/2026
BR,VVS2,H,10.00,10.99,63000, 4/24/2026
BR,VS1,H,10.00,10.99,56500, 4/24/2026
BR,VS2,H,10.00,10.99,50000, 4/24/2026
BR,SI1,H,10.00,10.99,40500, 4/24/2026
BR,SI2,H,10.00,10.99,32500, 4/24/2026
BR,SI3,H,10.00,10.99,18500, 4/24/2026
BR,I1,H,10.00,10.99,12000, 4/24/2026
BR,I2,H,10.00,10.99,5500, 4/24/2026
BR,I3,H,10.00,10.99,2300, 4/24/2026
BR,IF,I,10.00,10.99,57000, 4/24/2026
BR,VVS1,I,10.00,10.99,53500, 4/24/2026
BR,VVS2,I,10.00,10.99,49500, 4/24/2026
BR,VS1,I,10.00,10.99,46000, 4/24/2026
BR,VS2,I,10.00,10.99,40500, 4/24/2026
BR,SI1,I,10.00,10.99,34000, 4/24/2026
BR,SI2,I,10.00,10.99,27500, 4/24/2026
BR,SI3,I,10.00,10.99,17000, 4/24/2026
BR,I1,I,10.00,10.99,11500, 4/24/2026
BR,I2,I,10.00,10.99,5200, 4/24/2026
BR,I3,I,10.00,10.99,2200, 4/24/2026
BR,IF,J,10.00,10.99,44000, 4/24/2026
BR,VVS1,J,10.00,10.99,40500, 4/24/2026
BR,VVS2,J,10.00,10.99,37500, 4/24/2026
BR,VS1,J,10.00,10.99,35000, 4/24/2026
BR,VS2,J,10.00,10.99,32500, 4/24/2026
BR,SI1,J,10.00,10.99,28500, 4/24/2026
BR,SI2,J,10.00,10.99,23500, 4/24/2026
BR,SI3,J,10.00,10.99,15000, 4/24/2026
BR,I1,J,10.00,10.99,11000, 4/24/2026
BR,I2,J,10.00,10.99,4900, 4/24/2026
BR,I3,J,10.00,10.99,2100, 4/24/2026
BR,IF,K,10.00,10.99,34500, 4/24/2026
BR,VVS1,K,10.00,10.99,32500, 4/24/2026
BR,VVS2,K,10.00,10.99,30000, 4/24/2026
BR,VS1,K,10.00,10.99,27500, 4/24/2026
BR,VS2,K,10.00,10.99,25500, 4/24/2026
BR,SI1,K,10.00,10.99,23500, 4/24/2026
BR,SI2,K,10.00,10.99,20000, 4/24/2026
BR,SI3,K,10.00,10.99,13500, 4/24/2026
BR,I1,K,10.00,10.99,10000, 4/24/2026
BR,I2,K,10.00,10.99,4700, 4/24/2026
BR,I3,K,10.00,10.99,2000, 4/24/2026
BR,IF,L,10.00,10.99,27000, 4/24/2026
BR,VVS1,L,10.00,10.99,25500, 4/24/2026
BR,VVS2,L,10.00,10.99,24000, 4/24/2026
BR,VS1,L,10.00,10.99,22500, 4/24/2026
BR,VS2,L,10.00,10.99,21000, 4/24/2026
BR,SI1,L,10.00,10.99,19500, 4/24/2026
BR,SI2,L,10.00,10.99,16500, 4/24/2026
BR,SI3,L,10.00,10.99,12000, 4/24/2026
BR,I1,L,10.00,10.99,8500, 4/24/2026
BR,I2,L,10.00,10.99,4500, 4/24/2026
BR,I3,L,10.00,10.99,1900, 4/24/2026
BR,IF,M,10.00,10.99,22500, 4/24/2026
BR,VVS1,M,10.00,10.99,21000, 4/24/2026
BR,VVS2,M,10.00,10.99,19500, 4/24/2026
BR,VS1,M,10.00,10.99,18500, 4/24/2026
BR,VS2,M,10.00,10.99,17500, 4/24/2026
BR,SI1,M,10.00,10.99,16500, 4/24/2026
BR,SI2,M,10.00,10.99,14000, 4/24/2026
BR,SI3,M,10.00,10.99,10500, 4/24/2026
BR,I1,M,10.00,10.99,7500, 4/24/2026
BR,I2,M,10.00,10.99,4300, 4/24/2026
BR,I3,M,10.00,10.99,1800, 4/24/2026
