BR,IF,D,0.01,0.03,760, 6/26/2026
BR,VVS1,D,0.01,0.03,760, 6/26/2026
BR,VVS2,D,0.01,0.03,760, 6/26/2026
BR,VS1,D,0.01,0.03,670, 6/26/2026
BR,VS2,D,0.01,0.03,670, 6/26/2026
BR,SI1,D,0.01,0.03,560, 6/26/2026
BR,SI2,D,0.01,0.03,490, 6/26/2026
BR,SI3,D,0.01,0.03,430, 6/26/2026
BR,I1,D,0.01,0.03,380, 6/26/2026
BR,I2,D,0.01,0.03,320, 6/26/2026
BR,I3,D,0.01,0.03,260, 6/26/2026
BR,IF,E,0.01,0.03,760, 6/26/2026
BR,VVS1,E,0.01,0.03,760, 6/26/2026
BR,VVS2,E,0.01,0.03,760, 6/26/2026
BR,VS1,E,0.01,0.03,670, 6/26/2026
BR,VS2,E,0.01,0.03,670, 6/26/2026
BR,SI1,E,0.01,0.03,560, 6/26/2026
BR,SI2,E,0.01,0.03,490, 6/26/2026
BR,SI3,E,0.01,0.03,430, 6/26/2026
BR,I1,E,0.01,0.03,380, 6/26/2026
BR,I2,E,0.01,0.03,320, 6/26/2026
BR,I3,E,0.01,0.03,260, 6/26/2026
BR,IF,F,0.01,0.03,760, 6/26/2026
BR,VVS1,F,0.01,0.03,760, 6/26/2026
BR,VVS2,F,0.01,0.03,760, 6/26/2026
BR,VS1,F,0.01,0.03,670, 6/26/2026
BR,VS2,F,0.01,0.03,670, 6/26/2026
BR,SI1,F,0.01,0.03,560, 6/26/2026
BR,SI2,F,0.01,0.03,490, 6/26/2026
BR,SI3,F,0.01,0.03,430, 6/26/2026
BR,I1,F,0.01,0.03,380, 6/26/2026
BR,I2,F,0.01,0.03,320, 6/26/2026
BR,I3,F,0.01,0.03,260, 6/26/2026
BR,IF,G,0.01,0.03,660, 6/26/2026
BR,VVS1,G,0.01,0.03,660, 6/26/2026
BR,VVS2,G,0.01,0.03,660, 6/26/2026
BR,VS1,G,0.01,0.03,590, 6/26/2026
BR,VS2,G,0.01,0.03,590, 6/26/2026
BR,SI1,G,0.01,0.03,500, 6/26/2026
BR,SI2,G,0.01,0.03,440, 6/26/2026
BR,SI3,G,0.01,0.03,390, 6/26/2026
BR,I1,G,0.01,0.03,340, 6/26/2026
BR,I2,G,0.01,0.03,290, 6/26/2026
BR,I3,G,0.01,0.03,240, 6/26/2026
BR,IF,H,0.01,0.03,660, 6/26/2026
BR,VVS1,H,0.01,0.03,660, 6/26/2026
BR,VVS2,H,0.01,0.03,660, 6/26/2026
BR,VS1,H,0.01,0.03,590, 6/26/2026
BR,VS2,H,0.01,0.03,590, 6/26/2026
BR,SI1,H,0.01,0.03,500, 6/26/2026
BR,SI2,H,0.01,0.03,440, 6/26/2026
BR,SI3,H,0.01,0.03,390, 6/26/2026
BR,I1,H,0.01,0.03,340, 6/26/2026
BR,I2,H,0.01,0.03,290, 6/26/2026
BR,I3,H,0.01,0.03,240, 6/26/2026
BR,IF,I,0.01,0.03,570, 6/26/2026
BR,VVS1,I,0.01,0.03,570, 6/26/2026
BR,VVS2,I,0.01,0.03,570, 6/26/2026
BR,VS1,I,0.01,0.03,510, 6/26/2026
BR,VS2,I,0.01,0.03,510, 6/26/2026
BR,SI1,I,0.01,0.03,430, 6/26/2026
BR,SI2,I,0.01,0.03,390, 6/26/2026
BR,SI3,I,0.01,0.03,350, 6/26/2026
BR,I1,I,0.01,0.03,310, 6/26/2026
BR,I2,I,0.01,0.03,260, 6/26/2026
BR,I3,I,0.01,0.03,220, 6/26/2026
BR,IF,J,0.01,0.03,570, 6/26/2026
BR,VVS1,J,0.01,0.03,570, 6/26/2026
BR,VVS2,J,0.01,0.03,570, 6/26/2026
BR,VS1,J,0.01,0.03,510, 6/26/2026
BR,VS2,J,0.01,0.03,510, 6/26/2026
BR,SI1,J,0.01,0.03,430, 6/26/2026
BR,SI2,J,0.01,0.03,390, 6/26/2026
BR,SI3,J,0.01,0.03,350, 6/26/2026
BR,I1,J,0.01,0.03,310, 6/26/2026
BR,I2,J,0.01,0.03,260, 6/26/2026
BR,I3,J,0.01,0.03,220, 6/26/2026
BR,IF,K,0.01,0.03,400, 6/26/2026
BR,VVS1,K,0.01,0.03,400, 6/26/2026
BR,VVS2,K,0.01,0.03,400, 6/26/2026
BR,VS1,K,0.01,0.03,360, 6/26/2026
BR,VS2,K,0.01,0.03,360, 6/26/2026
BR,SI1,K,0.01,0.03,310, 6/26/2026
BR,SI2,K,0.01,0.03,280, 6/26/2026
BR,SI3,K,0.01,0.03,250, 6/26/2026
BR,I1,K,0.01,0.03,220, 6/26/2026
BR,I2,K,0.01,0.03,180, 6/26/2026
BR,I3,K,0.01,0.03,150, 6/26/2026
BR,IF,L,0.01,0.03,400, 6/26/2026
BR,VVS1,L,0.01,0.03,400, 6/26/2026
BR,VVS2,L,0.01,0.03,400, 6/26/2026
BR,VS1,L,0.01,0.03,360, 6/26/2026
BR,VS2,L,0.01,0.03,360, 6/26/2026
BR,SI1,L,0.01,0.03,310, 6/26/2026
BR,SI2,L,0.01,0.03,280, 6/26/2026
BR,SI3,L,0.01,0.03,250, 6/26/2026
BR,I1,L,0.01,0.03,220, 6/26/2026
BR,I2,L,0.01,0.03,180, 6/26/2026
BR,I3,L,0.01,0.03,150, 6/26/2026
BR,IF,M,0.01,0.03,270, 6/26/2026
BR,VVS1,M,0.01,0.03,270, 6/26/2026
BR,VVS2,M,0.01,0.03,270, 6/26/2026
BR,VS1,M,0.01,0.03,240, 6/26/2026
BR,VS2,M,0.01,0.03,240, 6/26/2026
BR,SI1,M,0.01,0.03,210, 6/26/2026
BR,SI2,M,0.01,0.03,190, 6/26/2026
BR,SI3,M,0.01,0.03,170, 6/26/2026
BR,I1,M,0.01,0.03,150, 6/26/2026
BR,I2,M,0.01,0.03,130, 6/26/2026
BR,I3,M,0.01,0.03,110, 6/26/2026
BR,IF,N,0.01,0.03,270, 6/26/2026
BR,VVS1,N,0.01,0.03,270, 6/26/2026
BR,VVS2,N,0.01,0.03,270, 6/26/2026
BR,VS1,N,0.01,0.03,240, 6/26/2026
BR,VS2,N,0.01,0.03,240, 6/26/2026
BR,SI1,N,0.01,0.03,210, 6/26/2026
BR,SI2,N,0.01,0.03,190, 6/26/2026
BR,SI3,N,0.01,0.03,170, 6/26/2026
BR,I1,N,0.01,0.03,150, 6/26/2026
BR,I2,N,0.01,0.03,130, 6/26/2026
BR,I3,N,0.01,0.03,110, 6/26/2026
BR,IF,D,0.04,0.07,860, 6/26/2026
BR,VVS1,D,0.04,0.07,860, 6/26/2026
BR,VVS2,D,0.04,0.07,860, 6/26/2026
BR,VS1,D,0.04,0.07,750, 6/26/2026
BR,VS2,D,0.04,0.07,750, 6/26/2026
BR,SI1,D,0.04,0.07,660, 6/26/2026
BR,SI2,D,0.04,0.07,570, 6/26/2026
BR,SI3,D,0.04,0.07,510, 6/26/2026
BR,I1,D,0.04,0.07,450, 6/26/2026
BR,I2,D,0.04,0.07,370, 6/26/2026
BR,I3,D,0.04,0.07,290, 6/26/2026
BR,IF,E,0.04,0.07,860, 6/26/2026
BR,VVS1,E,0.04,0.07,860, 6/26/2026
BR,VVS2,E,0.04,0.07,860, 6/26/2026
BR,VS1,E,0.04,0.07,750, 6/26/2026
BR,VS2,E,0.04,0.07,750, 6/26/2026
BR,SI1,E,0.04,0.07,660, 6/26/2026
BR,SI2,E,0.04,0.07,570, 6/26/2026
BR,SI3,E,0.04,0.07,510, 6/26/2026
BR,I1,E,0.04,0.07,450, 6/26/2026
BR,I2,E,0.04,0.07,370, 6/26/2026
BR,I3,E,0.04,0.07,290, 6/26/2026
BR,IF,F,0.04,0.07,860, 6/26/2026
BR,VVS1,F,0.04,0.07,860, 6/26/2026
BR,VVS2,F,0.04,0.07,860, 6/26/2026
BR,VS1,F,0.04,0.07,750, 6/26/2026
BR,VS2,F,0.04,0.07,750, 6/26/2026
BR,SI1,F,0.04,0.07,660, 6/26/2026
BR,SI2,F,0.04,0.07,570, 6/26/2026
BR,SI3,F,0.04,0.07,510, 6/26/2026
BR,I1,F,0.04,0.07,450, 6/26/2026
BR,I2,F,0.04,0.07,370, 6/26/2026
BR,I3,F,0.04,0.07,290, 6/26/2026
BR,IF,G,0.04,0.07,710, 6/26/2026
BR,VVS1,G,0.04,0.07,710, 6/26/2026
BR,VVS2,G,0.04,0.07,710, 6/26/2026
BR,VS1,G,0.04,0.07,640, 6/26/2026
BR,VS2,G,0.04,0.07,640, 6/26/2026
BR,SI1,G,0.04,0.07,570, 6/26/2026
BR,SI2,G,0.04,0.07,500, 6/26/2026
BR,SI3,G,0.04,0.07,450, 6/26/2026
BR,I1,G,0.04,0.07,400, 6/26/2026
BR,I2,G,0.04,0.07,330, 6/26/2026
BR,I3,G,0.04,0.07,260, 6/26/2026
BR,IF,H,0.04,0.07,710, 6/26/2026
BR,VVS1,H,0.04,0.07,710, 6/26/2026
BR,VVS2,H,0.04,0.07,710, 6/26/2026
BR,VS1,H,0.04,0.07,640, 6/26/2026
BR,VS2,H,0.04,0.07,640, 6/26/2026
BR,SI1,H,0.04,0.07,570, 6/26/2026
BR,SI2,H,0.04,0.07,500, 6/26/2026
BR,SI3,H,0.04,0.07,450, 6/26/2026
BR,I1,H,0.04,0.07,400, 6/26/2026
BR,I2,H,0.04,0.07,330, 6/26/2026
BR,I3,H,0.04,0.07,260, 6/26/2026
BR,IF,I,0.04,0.07,600, 6/26/2026
BR,VVS1,I,0.04,0.07,600, 6/26/2026
BR,VVS2,I,0.04,0.07,600, 6/26/2026
BR,VS1,I,0.04,0.07,540, 6/26/2026
BR,VS2,I,0.04,0.07,540, 6/26/2026
BR,SI1,I,0.04,0.07,470, 6/26/2026
BR,SI2,I,0.04,0.07,420, 6/26/2026
BR,SI3,I,0.04,0.07,380, 6/26/2026
BR,I1,I,0.04,0.07,340, 6/26/2026
BR,I2,I,0.04,0.07,280, 6/26/2026
BR,I3,I,0.04,0.07,230, 6/26/2026
BR,IF,J,0.04,0.07,600, 6/26/2026
BR,VVS1,J,0.04,0.07,600, 6/26/2026
BR,VVS2,J,0.04,0.07,600, 6/26/2026
BR,VS1,J,0.04,0.07,540, 6/26/2026
BR,VS2,J,0.04,0.07,540, 6/26/2026
BR,SI1,J,0.04,0.07,470, 6/26/2026
BR,SI2,J,0.04,0.07,420, 6/26/2026
BR,SI3,J,0.04,0.07,380, 6/26/2026
BR,I1,J,0.04,0.07,340, 6/26/2026
BR,I2,J,0.04,0.07,280, 6/26/2026
BR,I3,J,0.04,0.07,230, 6/26/2026
BR,IF,K,0.04,0.07,430, 6/26/2026
BR,VVS1,K,0.04,0.07,430, 6/26/2026
BR,VVS2,K,0.04,0.07,430, 6/26/2026
BR,VS1,K,0.04,0.07,390, 6/26/2026
BR,VS2,K,0.04,0.07,390, 6/26/2026
BR,SI1,K,0.04,0.07,340, 6/26/2026
BR,SI2,K,0.04,0.07,300, 6/26/2026
BR,SI3,K,0.04,0.07,270, 6/26/2026
BR,I1,K,0.04,0.07,240, 6/26/2026
BR,I2,K,0.04,0.07,200, 6/26/2026
BR,I3,K,0.04,0.07,160, 6/26/2026
BR,IF,L,0.04,0.07,430, 6/26/2026
BR,VVS1,L,0.04,0.07,430, 6/26/2026
BR,VVS2,L,0.04,0.07,430, 6/26/2026
BR,VS1,L,0.04,0.07,390, 6/26/2026
BR,VS2,L,0.04,0.07,390, 6/26/2026
BR,SI1,L,0.04,0.07,340, 6/26/2026
BR,SI2,L,0.04,0.07,300, 6/26/2026
BR,SI3,L,0.04,0.07,270, 6/26/2026
BR,I1,L,0.04,0.07,240, 6/26/2026
BR,I2,L,0.04,0.07,200, 6/26/2026
BR,I3,L,0.04,0.07,160, 6/26/2026
BR,IF,M,0.04,0.07,290, 6/26/2026
BR,VVS1,M,0.04,0.07,290, 6/26/2026
BR,VVS2,M,0.04,0.07,290, 6/26/2026
BR,VS1,M,0.04,0.07,260, 6/26/2026
BR,VS2,M,0.04,0.07,260, 6/26/2026
BR,SI1,M,0.04,0.07,230, 6/26/2026
BR,SI2,M,0.04,0.07,200, 6/26/2026
BR,SI3,M,0.04,0.07,180, 6/26/2026
BR,I1,M,0.04,0.07,160, 6/26/2026
BR,I2,M,0.04,0.07,140, 6/26/2026
BR,I3,M,0.04,0.07,120, 6/26/2026
BR,IF,N,0.04,0.07,290, 6/26/2026
BR,VVS1,N,0.04,0.07,290, 6/26/2026
BR,VVS2,N,0.04,0.07,290, 6/26/2026
BR,VS1,N,0.04,0.07,260, 6/26/2026
BR,VS2,N,0.04,0.07,260, 6/26/2026
BR,SI1,N,0.04,0.07,230, 6/26/2026
BR,SI2,N,0.04,0.07,200, 6/26/2026
BR,SI3,N,0.04,0.07,180, 6/26/2026
BR,I1,N,0.04,0.07,160, 6/26/2026
BR,I2,N,0.04,0.07,140, 6/26/2026
BR,I3,N,0.04,0.07,120, 6/26/2026
BR,IF,D,0.08,0.14,1010, 6/26/2026
BR,VVS1,D,0.08,0.14,1010, 6/26/2026
BR,VVS2,D,0.08,0.14,1010, 6/26/2026
BR,VS1,D,0.08,0.14,910, 6/26/2026
BR,VS2,D,0.08,0.14,910, 6/26/2026
BR,SI1,D,0.08,0.14,810, 6/26/2026
BR,SI2,D,0.08,0.14,720, 6/26/2026
BR,SI3,D,0.08,0.14,630, 6/26/2026
BR,I1,D,0.08,0.14,520, 6/26/2026
BR,I2,D,0.08,0.14,440, 6/26/2026
BR,I3,D,0.08,0.14,370, 6/26/2026
BR,IF,E,0.08,0.14,1010, 6/26/2026
BR,VVS1,E,0.08,0.14,1010, 6/26/2026
BR,VVS2,E,0.08,0.14,1010, 6/26/2026
BR,VS1,E,0.08,0.14,910, 6/26/2026
BR,VS2,E,0.08,0.14,910, 6/26/2026
BR,SI1,E,0.08,0.14,810, 6/26/2026
BR,SI2,E,0.08,0.14,720, 6/26/2026
BR,SI3,E,0.08,0.14,630, 6/26/2026
BR,I1,E,0.08,0.14,520, 6/26/2026
BR,I2,E,0.08,0.14,440, 6/26/2026
BR,I3,E,0.08,0.14,370, 6/26/2026
BR,IF,F,0.08,0.14,1010, 6/26/2026
BR,VVS1,F,0.08,0.14,1010, 6/26/2026
BR,VVS2,F,0.08,0.14,1010, 6/26/2026
BR,VS1,F,0.08,0.14,910, 6/26/2026
BR,VS2,F,0.08,0.14,910, 6/26/2026
BR,SI1,F,0.08,0.14,810, 6/26/2026
BR,SI2,F,0.08,0.14,720, 6/26/2026
BR,SI3,F,0.08,0.14,630, 6/26/2026
BR,I1,F,0.08,0.14,520, 6/26/2026
BR,I2,F,0.08,0.14,440, 6/26/2026
BR,I3,F,0.08,0.14,370, 6/26/2026
BR,IF,G,0.08,0.14,840, 6/26/2026
BR,VVS1,G,0.08,0.14,840, 6/26/2026
BR,VVS2,G,0.08,0.14,840, 6/26/2026
BR,VS1,G,0.08,0.14,770, 6/26/2026
BR,VS2,G,0.08,0.14,770, 6/26/2026
BR,SI1,G,0.08,0.14,700, 6/26/2026
BR,SI2,G,0.08,0.14,630, 6/26/2026
BR,SI3,G,0.08,0.14,550, 6/26/2026
BR,I1,G,0.08,0.14,460, 6/26/2026
BR,I2,G,0.08,0.14,380, 6/26/2026
BR,I3,G,0.08,0.14,320, 6/26/2026
BR,IF,H,0.08,0.14,840, 6/26/2026
BR,VVS1,H,0.08,0.14,840, 6/26/2026
BR,VVS2,H,0.08,0.14,840, 6/26/2026
BR,VS1,H,0.08,0.14,770, 6/26/2026
BR,VS2,H,0.08,0.14,770, 6/26/2026
BR,SI1,H,0.08,0.14,700, 6/26/2026
BR,SI2,H,0.08,0.14,630, 6/26/2026
BR,SI3,H,0.08,0.14,550, 6/26/2026
BR,I1,H,0.08,0.14,460, 6/26/2026
BR,I2,H,0.08,0.14,380, 6/26/2026
BR,I3,H,0.08,0.14,320, 6/26/2026
BR,IF,I,0.08,0.14,700, 6/26/2026
BR,VVS1,I,0.08,0.14,700, 6/26/2026
BR,VVS2,I,0.08,0.14,700, 6/26/2026
BR,VS1,I,0.08,0.14,640, 6/26/2026
BR,VS2,I,0.08,0.14,640, 6/26/2026
BR,SI1,I,0.08,0.14,580, 6/26/2026
BR,SI2,I,0.08,0.14,520, 6/26/2026
BR,SI3,I,0.08,0.14,450, 6/26/2026
BR,I1,I,0.08,0.14,400, 6/26/2026
BR,I2,I,0.08,0.14,330, 6/26/2026
BR,I3,I,0.08,0.14,280, 6/26/2026
BR,IF,J,0.08,0.14,700, 6/26/2026
BR,VVS1,J,0.08,0.14,700, 6/26/2026
BR,VVS2,J,0.08,0.14,700, 6/26/2026
BR,VS1,J,0.08,0.14,640, 6/26/2026
BR,VS2,J,0.08,0.14,640, 6/26/2026
BR,SI1,J,0.08,0.14,580, 6/26/2026
BR,SI2,J,0.08,0.14,520, 6/26/2026
BR,SI3,J,0.08,0.14,450, 6/26/2026
BR,I1,J,0.08,0.14,400, 6/26/2026
BR,I2,J,0.08,0.14,330, 6/26/2026
BR,I3,J,0.08,0.14,280, 6/26/2026
BR,IF,K,0.08,0.14,540, 6/26/2026
BR,VVS1,K,0.08,0.14,540, 6/26/2026
BR,VVS2,K,0.08,0.14,540, 6/26/2026
BR,VS1,K,0.08,0.14,490, 6/26/2026
BR,VS2,K,0.08,0.14,490, 6/26/2026
BR,SI1,K,0.08,0.14,430, 6/26/2026
BR,SI2,K,0.08,0.14,380, 6/26/2026
BR,SI3,K,0.08,0.14,340, 6/26/2026
BR,I1,K,0.08,0.14,300, 6/26/2026
BR,I2,K,0.08,0.14,250, 6/26/2026
BR,I3,K,0.08,0.14,200, 6/26/2026
BR,IF,L,0.08,0.14,540, 6/26/2026
BR,VVS1,L,0.08,0.14,540, 6/26/2026
BR,VVS2,L,0.08,0.14,540, 6/26/2026
BR,VS1,L,0.08,0.14,490, 6/26/2026
BR,VS2,L,0.08,0.14,490, 6/26/2026
BR,SI1,L,0.08,0.14,430, 6/26/2026
BR,SI2,L,0.08,0.14,380, 6/26/2026
BR,SI3,L,0.08,0.14,340, 6/26/2026
BR,I1,L,0.08,0.14,300, 6/26/2026
BR,I2,L,0.08,0.14,250, 6/26/2026
BR,I3,L,0.08,0.14,200, 6/26/2026
BR,IF,M,0.08,0.14,380, 6/26/2026
BR,VVS1,M,0.08,0.14,380, 6/26/2026
BR,VVS2,M,0.08,0.14,380, 6/26/2026
BR,VS1,M,0.08,0.14,340, 6/26/2026
BR,VS2,M,0.08,0.14,340, 6/26/2026
BR,SI1,M,0.08,0.14,300, 6/26/2026
BR,SI2,M,0.08,0.14,260, 6/26/2026
BR,SI3,M,0.08,0.14,230, 6/26/2026
BR,I1,M,0.08,0.14,200, 6/26/2026
BR,I2,M,0.08,0.14,170, 6/26/2026
BR,I3,M,0.08,0.14,140, 6/26/2026
BR,IF,N,0.08,0.14,380, 6/26/2026
BR,VVS1,N,0.08,0.14,380, 6/26/2026
BR,VVS2,N,0.08,0.14,380, 6/26/2026
BR,VS1,N,0.08,0.14,340, 6/26/2026
BR,VS2,N,0.08,0.14,340, 6/26/2026
BR,SI1,N,0.08,0.14,300, 6/26/2026
BR,SI2,N,0.08,0.14,260, 6/26/2026
BR,SI3,N,0.08,0.14,230, 6/26/2026
BR,I1,N,0.08,0.14,200, 6/26/2026
BR,I2,N,0.08,0.14,170, 6/26/2026
BR,I3,N,0.08,0.14,140, 6/26/2026
BR,IF,D,0.15,0.17,1130, 6/26/2026
BR,VVS1,D,0.15,0.17,1130, 6/26/2026
BR,VVS2,D,0.15,0.17,1130, 6/26/2026
BR,VS1,D,0.15,0.17,1000, 6/26/2026
BR,VS2,D,0.15,0.17,1000, 6/26/2026
BR,SI1,D,0.15,0.17,880, 6/26/2026
BR,SI2,D,0.15,0.17,770, 6/26/2026
BR,SI3,D,0.15,0.17,680, 6/26/2026
BR,I1,D,0.15,0.17,580, 6/26/2026
BR,I2,D,0.15,0.17,480, 6/26/2026
BR,I3,D,0.15,0.17,400, 6/26/2026
BR,IF,E,0.15,0.17,1130, 6/26/2026
BR,VVS1,E,0.15,0.17,1130, 6/26/2026
BR,VVS2,E,0.15,0.17,1130, 6/26/2026
BR,VS1,E,0.15,0.17,1000, 6/26/2026
BR,VS2,E,0.15,0.17,1000, 6/26/2026
BR,SI1,E,0.15,0.17,880, 6/26/2026
BR,SI2,E,0.15,0.17,770, 6/26/2026
BR,SI3,E,0.15,0.17,680, 6/26/2026
BR,I1,E,0.15,0.17,580, 6/26/2026
BR,I2,E,0.15,0.17,480, 6/26/2026
BR,I3,E,0.15,0.17,400, 6/26/2026
BR,IF,F,0.15,0.17,1130, 6/26/2026
BR,VVS1,F,0.15,0.17,1130, 6/26/2026
BR,VVS2,F,0.15,0.17,1130, 6/26/2026
BR,VS1,F,0.15,0.17,1000, 6/26/2026
BR,VS2,F,0.15,0.17,1000, 6/26/2026
BR,SI1,F,0.15,0.17,880, 6/26/2026
BR,SI2,F,0.15,0.17,770, 6/26/2026
BR,SI3,F,0.15,0.17,680, 6/26/2026
BR,I1,F,0.15,0.17,580, 6/26/2026
BR,I2,F,0.15,0.17,480, 6/26/2026
BR,I3,F,0.15,0.17,400, 6/26/2026
BR,IF,G,0.15,0.17,960, 6/26/2026
BR,VVS1,G,0.15,0.17,960, 6/26/2026
BR,VVS2,G,0.15,0.17,960, 6/26/2026
BR,VS1,G,0.15,0.17,860, 6/26/2026
BR,VS2,G,0.15,0.17,860, 6/26/2026
BR,SI1,G,0.15,0.17,770, 6/26/2026
BR,SI2,G,0.15,0.17,680, 6/26/2026
BR,SI3,G,0.15,0.17,590, 6/26/2026
BR,I1,G,0.15,0.17,510, 6/26/2026
BR,I2,G,0.15,0.17,420, 6/26/2026
BR,I3,G,0.15,0.17,360, 6/26/2026
BR,IF,H,0.15,0.17,960, 6/26/2026
BR,VVS1,H,0.15,0.17,960, 6/26/2026
BR,VVS2,H,0.15,0.17,960, 6/26/2026
BR,VS1,H,0.15,0.17,860, 6/26/2026
BR,VS2,H,0.15,0.17,860, 6/26/2026
BR,SI1,H,0.15,0.17,770, 6/26/2026
BR,SI2,H,0.15,0.17,680, 6/26/2026
BR,SI3,H,0.15,0.17,590, 6/26/2026
BR,I1,H,0.15,0.17,510, 6/26/2026
BR,I2,H,0.15,0.17,420, 6/26/2026
BR,I3,H,0.15,0.17,360, 6/26/2026
BR,IF,I,0.15,0.17,780, 6/26/2026
BR,VVS1,I,0.15,0.17,780, 6/26/2026
BR,VVS2,I,0.15,0.17,780, 6/26/2026
BR,VS1,I,0.15,0.17,700, 6/26/2026
BR,VS2,I,0.15,0.17,700, 6/26/2026
BR,SI1,I,0.15,0.17,630, 6/26/2026
BR,SI2,I,0.15,0.17,560, 6/26/2026
BR,SI3,I,0.15,0.17,480, 6/26/2026
BR,I1,I,0.15,0.17,430, 6/26/2026
BR,I2,I,0.15,0.17,360, 6/26/2026
BR,I3,I,0.15,0.17,310, 6/26/2026
BR,IF,J,0.15,0.17,780, 6/26/2026
BR,VVS1,J,0.15,0.17,780, 6/26/2026
BR,VVS2,J,0.15,0.17,780, 6/26/2026
BR,VS1,J,0.15,0.17,700, 6/26/2026
BR,VS2,J,0.15,0.17,700, 6/26/2026
BR,SI1,J,0.15,0.17,630, 6/26/2026
BR,SI2,J,0.15,0.17,560, 6/26/2026
BR,SI3,J,0.15,0.17,480, 6/26/2026
BR,I1,J,0.15,0.17,430, 6/26/2026
BR,I2,J,0.15,0.17,360, 6/26/2026
BR,I3,J,0.15,0.17,310, 6/26/2026
BR,IF,K,0.15,0.17,620, 6/26/2026
BR,VVS1,K,0.15,0.17,620, 6/26/2026
BR,VVS2,K,0.15,0.17,620, 6/26/2026
BR,VS1,K,0.15,0.17,540, 6/26/2026
BR,VS2,K,0.15,0.17,540, 6/26/2026
BR,SI1,K,0.15,0.17,470, 6/26/2026
BR,SI2,K,0.15,0.17,410, 6/26/2026
BR,SI3,K,0.15,0.17,360, 6/26/2026
BR,I1,K,0.15,0.17,320, 6/26/2026
BR,I2,K,0.15,0.17,270, 6/26/2026
BR,I3,K,0.15,0.17,230, 6/26/2026
BR,IF,L,0.15,0.17,620, 6/26/2026
BR,VVS1,L,0.15,0.17,620, 6/26/2026
BR,VVS2,L,0.15,0.17,620, 6/26/2026
BR,VS1,L,0.15,0.17,540, 6/26/2026
BR,VS2,L,0.15,0.17,540, 6/26/2026
BR,SI1,L,0.15,0.17,470, 6/26/2026
BR,SI2,L,0.15,0.17,410, 6/26/2026
BR,SI3,L,0.15,0.17,360, 6/26/2026
BR,I1,L,0.15,0.17,320, 6/26/2026
BR,I2,L,0.15,0.17,270, 6/26/2026
BR,I3,L,0.15,0.17,230, 6/26/2026
BR,IF,M,0.15,0.17,450, 6/26/2026
BR,VVS1,M,0.15,0.17,450, 6/26/2026
BR,VVS2,M,0.15,0.17,450, 6/26/2026
BR,VS1,M,0.15,0.17,390, 6/26/2026
BR,VS2,M,0.15,0.17,390, 6/26/2026
BR,SI1,M,0.15,0.17,340, 6/26/2026
BR,SI2,M,0.15,0.17,300, 6/26/2026
BR,SI3,M,0.15,0.17,270, 6/26/2026
BR,I1,M,0.15,0.17,230, 6/26/2026
BR,I2,M,0.15,0.17,190, 6/26/2026
BR,I3,M,0.15,0.17,160, 6/26/2026
BR,IF,N,0.15,0.17,450, 6/26/2026
BR,VVS1,N,0.15,0.17,450, 6/26/2026
BR,VVS2,N,0.15,0.17,450, 6/26/2026
BR,VS1,N,0.15,0.17,390, 6/26/2026
BR,VS2,N,0.15,0.17,390, 6/26/2026
BR,SI1,N,0.15,0.17,340, 6/26/2026
BR,SI2,N,0.15,0.17,300, 6/26/2026
BR,SI3,N,0.15,0.17,270, 6/26/2026
BR,I1,N,0.15,0.17,230, 6/26/2026
BR,I2,N,0.15,0.17,190, 6/26/2026
BR,I3,N,0.15,0.17,160, 6/26/2026
BR,IF,D,0.18,0.22,1230, 6/26/2026
BR,VVS1,D,0.18,0.22,1230, 6/26/2026
BR,VVS2,D,0.18,0.22,1230, 6/26/2026
BR,VS1,D,0.18,0.22,1110, 6/26/2026
BR,VS2,D,0.18,0.22,1110, 6/26/2026
BR,SI1,D,0.18,0.22,980, 6/26/2026
BR,SI2,D,0.18,0.22,850, 6/26/2026
BR,SI3,D,0.18,0.22,750, 6/26/2026
BR,I1,D,0.18,0.22,630, 6/26/2026
BR,I2,D,0.18,0.22,520, 6/26/2026
BR,I3,D,0.18,0.22,440, 6/26/2026
BR,IF,E,0.18,0.22,1230, 6/26/2026
BR,VVS1,E,0.18,0.22,1230, 6/26/2026
BR,VVS2,E,0.18,0.22,1230, 6/26/2026
BR,VS1,E,0.18,0.22,1110, 6/26/2026
BR,VS2,E,0.18,0.22,1110, 6/26/2026
BR,SI1,E,0.18,0.22,980, 6/26/2026
BR,SI2,E,0.18,0.22,850, 6/26/2026
BR,SI3,E,0.18,0.22,750, 6/26/2026
BR,I1,E,0.18,0.22,630, 6/26/2026
BR,I2,E,0.18,0.22,520, 6/26/2026
BR,I3,E,0.18,0.22,440, 6/26/2026
BR,IF,F,0.18,0.22,1230, 6/26/2026
BR,VVS1,F,0.18,0.22,1230, 6/26/2026
BR,VVS2,F,0.18,0.22,1230, 6/26/2026
BR,VS1,F,0.18,0.22,1110, 6/26/2026
BR,VS2,F,0.18,0.22,1110, 6/26/2026
BR,SI1,F,0.18,0.22,980, 6/26/2026
BR,SI2,F,0.18,0.22,850, 6/26/2026
BR,SI3,F,0.18,0.22,750, 6/26/2026
BR,I1,F,0.18,0.22,630, 6/26/2026
BR,I2,F,0.18,0.22,520, 6/26/2026
BR,I3,F,0.18,0.22,440, 6/26/2026
BR,IF,G,0.18,0.22,1060, 6/26/2026
BR,VVS1,G,0.18,0.22,1060, 6/26/2026
BR,VVS2,G,0.18,0.22,1060, 6/26/2026
BR,VS1,G,0.18,0.22,960, 6/26/2026
BR,VS2,G,0.18,0.22,960, 6/26/2026
BR,SI1,G,0.18,0.22,860, 6/26/2026
BR,SI2,G,0.18,0.22,750, 6/26/2026
BR,SI3,G,0.18,0.22,670, 6/26/2026
BR,I1,G,0.18,0.22,570, 6/26/2026
BR,I2,G,0.18,0.22,470, 6/26/2026
BR,I3,G,0.18,0.22,400, 6/26/2026
BR,IF,H,0.18,0.22,1060, 6/26/2026
BR,VVS1,H,0.18,0.22,1060, 6/26/2026
BR,VVS2,H,0.18,0.22,1060, 6/26/2026
BR,VS1,H,0.18,0.22,960, 6/26/2026
BR,VS2,H,0.18,0.22,960, 6/26/2026
BR,SI1,H,0.18,0.22,860, 6/26/2026
BR,SI2,H,0.18,0.22,750, 6/26/2026
BR,SI3,H,0.18,0.22,670, 6/26/2026
BR,I1,H,0.18,0.22,570, 6/26/2026
BR,I2,H,0.18,0.22,470, 6/26/2026
BR,I3,H,0.18,0.22,400, 6/26/2026
BR,IF,I,0.18,0.22,890, 6/26/2026
BR,VVS1,I,0.18,0.22,890, 6/26/2026
BR,VVS2,I,0.18,0.22,890, 6/26/2026
BR,VS1,I,0.18,0.22,780, 6/26/2026
BR,VS2,I,0.18,0.22,780, 6/26/2026
BR,SI1,I,0.18,0.22,700, 6/26/2026
BR,SI2,I,0.18,0.22,610, 6/26/2026
BR,SI3,I,0.18,0.22,530, 6/26/2026
BR,I1,I,0.18,0.22,470, 6/26/2026
BR,I2,I,0.18,0.22,400, 6/26/2026
BR,I3,I,0.18,0.22,340, 6/26/2026
BR,IF,J,0.18,0.22,890, 6/26/2026
BR,VVS1,J,0.18,0.22,890, 6/26/2026
BR,VVS2,J,0.18,0.22,890, 6/26/2026
BR,VS1,J,0.18,0.22,780, 6/26/2026
BR,VS2,J,0.18,0.22,780, 6/26/2026
BR,SI1,J,0.18,0.22,700, 6/26/2026
BR,SI2,J,0.18,0.22,610, 6/26/2026
BR,SI3,J,0.18,0.22,530, 6/26/2026
BR,I1,J,0.18,0.22,470, 6/26/2026
BR,I2,J,0.18,0.22,400, 6/26/2026
BR,I3,J,0.18,0.22,340, 6/26/2026
BR,IF,K,0.18,0.22,730, 6/26/2026
BR,VVS1,K,0.18,0.22,730, 6/26/2026
BR,VVS2,K,0.18,0.22,730, 6/26/2026
BR,VS1,K,0.18,0.22,610, 6/26/2026
BR,VS2,K,0.18,0.22,610, 6/26/2026
BR,SI1,K,0.18,0.22,540, 6/26/2026
BR,SI2,K,0.18,0.22,460, 6/26/2026
BR,SI3,K,0.18,0.22,400, 6/26/2026
BR,I1,K,0.18,0.22,350, 6/26/2026
BR,I2,K,0.18,0.22,300, 6/26/2026
BR,I3,K,0.18,0.22,250, 6/26/2026
BR,IF,L,0.18,0.22,730, 6/26/2026
BR,VVS1,L,0.18,0.22,730, 6/26/2026
BR,VVS2,L,0.18,0.22,730, 6/26/2026
BR,VS1,L,0.18,0.22,610, 6/26/2026
BR,VS2,L,0.18,0.22,610, 6/26/2026
BR,SI1,L,0.18,0.22,540, 6/26/2026
BR,SI2,L,0.18,0.22,460, 6/26/2026
BR,SI3,L,0.18,0.22,400, 6/26/2026
BR,I1,L,0.18,0.22,350, 6/26/2026
BR,I2,L,0.18,0.22,300, 6/26/2026
BR,I3,L,0.18,0.22,250, 6/26/2026
BR,IF,M,0.18,0.22,550, 6/26/2026
BR,VVS1,M,0.18,0.22,550, 6/26/2026
BR,VVS2,M,0.18,0.22,550, 6/26/2026
BR,VS1,M,0.18,0.22,490, 6/26/2026
BR,VS2,M,0.18,0.22,490, 6/26/2026
BR,SI1,M,0.18,0.22,420, 6/26/2026
BR,SI2,M,0.18,0.22,350, 6/26/2026
BR,SI3,M,0.18,0.22,300, 6/26/2026
BR,I1,M,0.18,0.22,260, 6/26/2026
BR,I2,M,0.18,0.22,220, 6/26/2026
BR,I3,M,0.18,0.22,180, 6/26/2026
BR,IF,N,0.18,0.22,550, 6/26/2026
BR,VVS1,N,0.18,0.22,550, 6/26/2026
BR,VVS2,N,0.18,0.22,550, 6/26/2026
BR,VS1,N,0.18,0.22,490, 6/26/2026
BR,VS2,N,0.18,0.22,490, 6/26/2026
BR,SI1,N,0.18,0.22,420, 6/26/2026
BR,SI2,N,0.18,0.22,350, 6/26/2026
BR,SI3,N,0.18,0.22,300, 6/26/2026
BR,I1,N,0.18,0.22,260, 6/26/2026
BR,I2,N,0.18,0.22,220, 6/26/2026
BR,I3,N,0.18,0.22,180, 6/26/2026
BR,IF,D,0.23,0.29,1500, 6/26/2026
BR,VVS1,D,0.23,0.29,1500, 6/26/2026
BR,VVS2,D,0.23,0.29,1500, 6/26/2026
BR,VS1,D,0.23,0.29,1320, 6/26/2026
BR,VS2,D,0.23,0.29,1320, 6/26/2026
BR,SI1,D,0.23,0.29,1100, 6/26/2026
BR,SI2,D,0.23,0.29,930, 6/26/2026
BR,SI3,D,0.23,0.29,810, 6/26/2026
BR,I1,D,0.23,0.29,680, 6/26/2026
BR,I2,D,0.23,0.29,550, 6/26/2026
BR,I3,D,0.23,0.29,470, 6/26/2026
BR,IF,E,0.23,0.29,1500, 6/26/2026
BR,VVS1,E,0.23,0.29,1500, 6/26/2026
BR,VVS2,E,0.23,0.29,1500, 6/26/2026
BR,VS1,E,0.23,0.29,1320, 6/26/2026
BR,VS2,E,0.23,0.29,1320, 6/26/2026
BR,SI1,E,0.23,0.29,1100, 6/26/2026
BR,SI2,E,0.23,0.29,930, 6/26/2026
BR,SI3,E,0.23,0.29,810, 6/26/2026
BR,I1,E,0.23,0.29,680, 6/26/2026
BR,I2,E,0.23,0.29,550, 6/26/2026
BR,I3,E,0.23,0.29,470, 6/26/2026
BR,IF,F,0.23,0.29,1500, 6/26/2026
BR,VVS1,F,0.23,0.29,1500, 6/26/2026
BR,VVS2,F,0.23,0.29,1500, 6/26/2026
BR,VS1,F,0.23,0.29,1320, 6/26/2026
BR,VS2,F,0.23,0.29,1320, 6/26/2026
BR,SI1,F,0.23,0.29,1100, 6/26/2026
BR,SI2,F,0.23,0.29,930, 6/26/2026
BR,SI3,F,0.23,0.29,810, 6/26/2026
BR,I1,F,0.23,0.29,680, 6/26/2026
BR,I2,F,0.23,0.29,550, 6/26/2026
BR,I3,F,0.23,0.29,470, 6/26/2026
BR,IF,G,0.23,0.29,1240, 6/26/2026
BR,VVS1,G,0.23,0.29,1240, 6/26/2026
BR,VVS2,G,0.23,0.29,1240, 6/26/2026
BR,VS1,G,0.23,0.29,1080, 6/26/2026
BR,VS2,G,0.23,0.29,1080, 6/26/2026
BR,SI1,G,0.23,0.29,940, 6/26/2026
BR,SI2,G,0.23,0.29,800, 6/26/2026
BR,SI3,G,0.23,0.29,710, 6/26/2026
BR,I1,G,0.23,0.29,610, 6/26/2026
BR,I2,G,0.23,0.29,500, 6/26/2026
BR,I3,G,0.23,0.29,430, 6/26/2026
BR,IF,H,0.23,0.29,1240, 6/26/2026
BR,VVS1,H,0.23,0.29,1240, 6/26/2026
BR,VVS2,H,0.23,0.29,1240, 6/26/2026
BR,VS1,H,0.23,0.29,1080, 6/26/2026
BR,VS2,H,0.23,0.29,1080, 6/26/2026
BR,SI1,H,0.23,0.29,940, 6/26/2026
BR,SI2,H,0.23,0.29,800, 6/26/2026
BR,SI3,H,0.23,0.29,710, 6/26/2026
BR,I1,H,0.23,0.29,610, 6/26/2026
BR,I2,H,0.23,0.29,500, 6/26/2026
BR,I3,H,0.23,0.29,430, 6/26/2026
BR,IF,I,0.23,0.29,1010, 6/26/2026
BR,VVS1,I,0.23,0.29,1010, 6/26/2026
BR,VVS2,I,0.23,0.29,1010, 6/26/2026
BR,VS1,I,0.23,0.29,860, 6/26/2026
BR,VS2,I,0.23,0.29,860, 6/26/2026
BR,SI1,I,0.23,0.29,750, 6/26/2026
BR,SI2,I,0.23,0.29,650, 6/26/2026
BR,SI3,I,0.23,0.29,570, 6/26/2026
BR,I1,I,0.23,0.29,500, 6/26/2026
BR,I2,I,0.23,0.29,430, 6/26/2026
BR,I3,I,0.23,0.29,360, 6/26/2026
BR,IF,J,0.23,0.29,1010, 6/26/2026
BR,VVS1,J,0.23,0.29,1010, 6/26/2026
BR,VVS2,J,0.23,0.29,1010, 6/26/2026
BR,VS1,J,0.23,0.29,860, 6/26/2026
BR,VS2,J,0.23,0.29,860, 6/26/2026
BR,SI1,J,0.23,0.29,750, 6/26/2026
BR,SI2,J,0.23,0.29,650, 6/26/2026
BR,SI3,J,0.23,0.29,570, 6/26/2026
BR,I1,J,0.23,0.29,500, 6/26/2026
BR,I2,J,0.23,0.29,430, 6/26/2026
BR,I3,J,0.23,0.29,360, 6/26/2026
BR,IF,K,0.23,0.29,840, 6/26/2026
BR,VVS1,K,0.23,0.29,840, 6/26/2026
BR,VVS2,K,0.23,0.29,840, 6/26/2026
BR,VS1,K,0.23,0.29,700, 6/26/2026
BR,VS2,K,0.23,0.29,700, 6/26/2026
BR,SI1,K,0.23,0.29,610, 6/26/2026
BR,SI2,K,0.23,0.29,530, 6/26/2026
BR,SI3,K,0.23,0.29,460, 6/26/2026
BR,I1,K,0.23,0.29,380, 6/26/2026
BR,I2,K,0.23,0.29,320, 6/26/2026
BR,I3,K,0.23,0.29,270, 6/26/2026
BR,IF,L,0.23,0.29,840, 6/26/2026
BR,VVS1,L,0.23,0.29,840, 6/26/2026
BR,VVS2,L,0.23,0.29,840, 6/26/2026
BR,VS1,L,0.23,0.29,700, 6/26/2026
BR,VS2,L,0.23,0.29,700, 6/26/2026
BR,SI1,L,0.23,0.29,610, 6/26/2026
BR,SI2,L,0.23,0.29,530, 6/26/2026
BR,SI3,L,0.23,0.29,460, 6/26/2026
BR,I1,L,0.23,0.29,380, 6/26/2026
BR,I2,L,0.23,0.29,320, 6/26/2026
BR,I3,L,0.23,0.29,270, 6/26/2026
BR,IF,M,0.23,0.29,680, 6/26/2026
BR,VVS1,M,0.23,0.29,680, 6/26/2026
BR,VVS2,M,0.23,0.29,680, 6/26/2026
BR,VS1,M,0.23,0.29,580, 6/26/2026
BR,VS2,M,0.23,0.29,580, 6/26/2026
BR,SI1,M,0.23,0.29,490, 6/26/2026
BR,SI2,M,0.23,0.29,410, 6/26/2026
BR,SI3,M,0.23,0.29,360, 6/26/2026
BR,I1,M,0.23,0.29,300, 6/26/2026
BR,I2,M,0.23,0.29,250, 6/26/2026
BR,I3,M,0.23,0.29,210, 6/26/2026
BR,IF,N,0.23,0.29,680, 6/26/2026
BR,VVS1,N,0.23,0.29,680, 6/26/2026
BR,VVS2,N,0.23,0.29,680, 6/26/2026
BR,VS1,N,0.23,0.29,580, 6/26/2026
BR,VS2,N,0.23,0.29,580, 6/26/2026
BR,SI1,N,0.23,0.29,490, 6/26/2026
BR,SI2,N,0.23,0.29,410, 6/26/2026
BR,SI3,N,0.23,0.29,360, 6/26/2026
BR,I1,N,0.23,0.29,300, 6/26/2026
BR,I2,N,0.23,0.29,250, 6/26/2026
BR,I3,N,0.23,0.29,210, 6/26/2026
BR,IF,D,0.3,0.39,2700, 6/26/2026
BR,VVS1,D,0.3,0.39,2200, 6/26/2026
BR,VVS2,D,0.3,0.39,2000, 6/26/2026
BR,VS1,D,0.3,0.39,1800, 6/26/2026
BR,VS2,D,0.3,0.39,1600, 6/26/2026
BR,SI1,D,0.3,0.39,1400, 6/26/2026
BR,SI2,D,0.3,0.39,1300, 6/26/2026
BR,SI3,D,0.3,0.39,1200, 6/26/2026
BR,I1,D,0.3,0.39,1100, 6/26/2026
BR,I2,D,0.3,0.39,1000, 6/26/2026
BR,I3,D,0.3,0.39,700, 6/26/2026
BR,IF,E,0.3,0.39,2300, 6/26/2026
BR,VVS1,E,0.3,0.39,2000, 6/26/2026
BR,VVS2,E,0.3,0.39,1800, 6/26/2026
BR,VS1,E,0.3,0.39,1600, 6/26/2026
BR,VS2,E,0.3,0.39,1500, 6/26/2026
BR,SI1,E,0.3,0.39,1300, 6/26/2026
BR,SI2,E,0.3,0.39,1200, 6/26/2026
BR,SI3,E,0.3,0.39,1100, 6/26/2026
BR,I1,E,0.3,0.39,1000, 6/26/2026
BR,I2,E,0.3,0.39,900, 6/26/2026
BR,I3,E,0.3,0.39,600, 6/26/2026
BR,IF,F,0.3,0.39,2000, 6/26/2026
BR,VVS1,F,0.3,0.39,1800, 6/26/2026
BR,VVS2,F,0.3,0.39,1700, 6/26/2026
BR,VS1,F,0.3,0.39,1500, 6/26/2026
BR,VS2,F,0.3,0.39,1400, 6/26/2026
BR,SI1,F,0.3,0.39,1200, 6/26/2026
BR,SI2,F,0.3,0.39,1100, 6/26/2026
BR,SI3,F,0.3,0.39,1000, 6/26/2026
BR,I1,F,0.3,0.39,1000, 6/26/2026
BR,I2,F,0.3,0.39,900, 6/26/2026
BR,I3,F,0.3,0.39,600, 6/26/2026
BR,IF,G,0.3,0.39,1800, 6/26/2026
BR,VVS1,G,0.3,0.39,1600, 6/26/2026
BR,VVS2,G,0.3,0.39,1500, 6/26/2026
BR,VS1,G,0.3,0.39,1400, 6/26/2026
BR,VS2,G,0.3,0.39,1300, 6/26/2026
BR,SI1,G,0.3,0.39,1200, 6/26/2026
BR,SI2,G,0.3,0.39,1100, 6/26/2026
BR,SI3,G,0.3,0.39,1000, 6/26/2026
BR,I1,G,0.3,0.39,900, 6/26/2026
BR,I2,G,0.3,0.39,800, 6/26/2026
BR,I3,G,0.3,0.39,500, 6/26/2026
BR,IF,H,0.3,0.39,1600, 6/26/2026
BR,VVS1,H,0.3,0.39,1500, 6/26/2026
BR,VVS2,H,0.3,0.39,1400, 6/26/2026
BR,VS1,H,0.3,0.39,1300, 6/26/2026
BR,VS2,H,0.3,0.39,1200, 6/26/2026
BR,SI1,H,0.3,0.39,1100, 6/26/2026
BR,SI2,H,0.3,0.39,1000, 6/26/2026
BR,SI3,H,0.3,0.39,900, 6/26/2026
BR,I1,H,0.3,0.39,800, 6/26/2026
BR,I2,H,0.3,0.39,700, 6/26/2026
BR,I3,H,0.3,0.39,500, 6/26/2026
BR,IF,I,0.3,0.39,1400, 6/26/2026
BR,VVS1,I,0.3,0.39,1300, 6/26/2026
BR,VVS2,I,0.3,0.39,1200, 6/26/2026
BR,VS1,I,0.3,0.39,1200, 6/26/2026
BR,VS2,I,0.3,0.39,1100, 6/26/2026
BR,SI1,I,0.3,0.39,1000, 6/26/2026
BR,SI2,I,0.3,0.39,900, 6/26/2026
BR,SI3,I,0.3,0.39,800, 6/26/2026
BR,I1,I,0.3,0.39,700, 6/26/2026
BR,I2,I,0.3,0.39,600, 6/26/2026
BR,I3,I,0.3,0.39,500, 6/26/2026
BR,IF,J,0.3,0.39,1300, 6/26/2026
BR,VVS1,J,0.3,0.39,1200, 6/26/2026
BR,VVS2,J,0.3,0.39,1100, 6/26/2026
BR,VS1,J,0.3,0.39,1100, 6/26/2026
BR,VS2,J,0.3,0.39,1000, 6/26/2026
BR,SI1,J,0.3,0.39,900, 6/26/2026
BR,SI2,J,0.3,0.39,800, 6/26/2026
BR,SI3,J,0.3,0.39,700, 6/26/2026
BR,I1,J,0.3,0.39,600, 6/26/2026
BR,I2,J,0.3,0.39,600, 6/26/2026
BR,I3,J,0.3,0.39,400, 6/26/2026
BR,IF,K,0.3,0.39,1200, 6/26/2026
BR,VVS1,K,0.3,0.39,1100, 6/26/2026
BR,VVS2,K,0.3,0.39,1000, 6/26/2026
BR,VS1,K,0.3,0.39,1000, 6/26/2026
BR,VS2,K,0.3,0.39,900, 6/26/2026
BR,SI1,K,0.3,0.39,800, 6/26/2026
BR,SI2,K,0.3,0.39,700, 6/26/2026
BR,SI3,K,0.3,0.39,600, 6/26/2026
BR,I1,K,0.3,0.39,500, 6/26/2026
BR,I2,K,0.3,0.39,500, 6/26/2026
BR,I3,K,0.3,0.39,400, 6/26/2026
BR,IF,L,0.3,0.39,1000, 6/26/2026
BR,VVS1,L,0.3,0.39,900, 6/26/2026
BR,VVS2,L,0.3,0.39,800, 6/26/2026
BR,VS1,L,0.3,0.39,800, 6/26/2026
BR,VS2,L,0.3,0.39,700, 6/26/2026
BR,SI1,L,0.3,0.39,700, 6/26/2026
BR,SI2,L,0.3,0.39,600, 6/26/2026
BR,SI3,L,0.3,0.39,600, 6/26/2026
BR,I1,L,0.3,0.39,500, 6/26/2026
BR,I2,L,0.3,0.39,500, 6/26/2026
BR,I3,L,0.3,0.39,300, 6/26/2026
BR,IF,M,0.3,0.39,900, 6/26/2026
BR,VVS1,M,0.3,0.39,800, 6/26/2026
BR,VVS2,M,0.3,0.39,800, 6/26/2026
BR,VS1,M,0.3,0.39,700, 6/26/2026
BR,VS2,M,0.3,0.39,700, 6/26/2026
BR,SI1,M,0.3,0.39,700, 6/26/2026
BR,SI2,M,0.3,0.39,600, 6/26/2026
BR,SI3,M,0.3,0.39,500, 6/26/2026
BR,I1,M,0.3,0.39,500, 6/26/2026
BR,I2,M,0.3,0.39,400, 6/26/2026
BR,I3,M,0.3,0.39,300, 6/26/2026
BR,IF,D,0.4,0.49,3100, 6/26/2026
BR,VVS1,D,0.4,0.49,2500, 6/26/2026
BR,VVS2,D,0.4,0.49,2200, 6/26/2026
BR,VS1,D,0.4,0.49,2000, 6/26/2026
BR,VS2,D,0.4,0.49,1800, 6/26/2026
BR,SI1,D,0.4,0.49,1600, 6/26/2026
BR,SI2,D,0.4,0.49,1500, 6/26/2026
BR,SI3,D,0.4,0.49,1400, 6/26/2026
BR,I1,D,0.4,0.49,1300, 6/26/2026
BR,I2,D,0.4,0.49,1100, 6/26/2026
BR,I3,D,0.4,0.49,800, 6/26/2026
BR,IF,E,0.4,0.49,2600, 6/26/2026
BR,VVS1,E,0.4,0.49,2200, 6/26/2026
BR,VVS2,E,0.4,0.49,2000, 6/26/2026
BR,VS1,E,0.4,0.49,1800, 6/26/2026
BR,VS2,E,0.4,0.49,1700, 6/26/2026
BR,SI1,E,0.4,0.49,1500, 6/26/2026
BR,SI2,E,0.4,0.49,1400, 6/26/2026
BR,SI3,E,0.4,0.49,1300, 6/26/2026
BR,I1,E,0.4,0.49,1200, 6/26/2026
BR,I2,E,0.4,0.49,1000, 6/26/2026
BR,I3,E,0.4,0.49,700, 6/26/2026
BR,IF,F,0.4,0.49,2300, 6/26/2026
BR,VVS1,F,0.4,0.49,2000, 6/26/2026
BR,VVS2,F,0.4,0.49,1900, 6/26/2026
BR,VS1,F,0.4,0.49,1700, 6/26/2026
BR,VS2,F,0.4,0.49,1600, 6/26/2026
BR,SI1,F,0.4,0.49,1400, 6/26/2026
BR,SI2,F,0.4,0.49,1300, 6/26/2026
BR,SI3,F,0.4,0.49,1200, 6/26/2026
BR,I1,F,0.4,0.49,1100, 6/26/2026
BR,I2,F,0.4,0.49,1000, 6/26/2026
BR,I3,F,0.4,0.49,700, 6/26/2026
BR,IF,G,0.4,0.49,2100, 6/26/2026
BR,VVS1,G,0.4,0.49,1800, 6/26/2026
BR,VVS2,G,0.4,0.49,1700, 6/26/2026
BR,VS1,G,0.4,0.49,1600, 6/26/2026
BR,VS2,G,0.4,0.49,1500, 6/26/2026
BR,SI1,G,0.4,0.49,1300, 6/26/2026
BR,SI2,G,0.4,0.49,1200, 6/26/2026
BR,SI3,G,0.4,0.49,1100, 6/26/2026
BR,I1,G,0.4,0.49,1000, 6/26/2026
BR,I2,G,0.4,0.49,900, 6/26/2026
BR,I3,G,0.4,0.49,600, 6/26/2026
BR,IF,H,0.4,0.49,1800, 6/26/2026
BR,VVS1,H,0.4,0.49,1600, 6/26/2026
BR,VVS2,H,0.4,0.49,1500, 6/26/2026
BR,VS1,H,0.4,0.49,1400, 6/26/2026
BR,VS2,H,0.4,0.49,1300, 6/26/2026
BR,SI1,H,0.4,0.49,1200, 6/26/2026
BR,SI2,H,0.4,0.49,1100, 6/26/2026
BR,SI3,H,0.4,0.49,1000, 6/26/2026
BR,I1,H,0.4,0.49,900, 6/26/2026
BR,I2,H,0.4,0.49,800, 6/26/2026
BR,I3,H,0.4,0.49,600, 6/26/2026
BR,IF,I,0.4,0.49,1600, 6/26/2026
BR,VVS1,I,0.4,0.49,1400, 6/26/2026
BR,VVS2,I,0.4,0.49,1300, 6/26/2026
BR,VS1,I,0.4,0.49,1300, 6/26/2026
BR,VS2,I,0.4,0.49,1200, 6/26/2026
BR,SI1,I,0.4,0.49,1100, 6/26/2026
BR,SI2,I,0.4,0.49,1000, 6/26/2026
BR,SI3,I,0.4,0.49,900, 6/26/2026
BR,I1,I,0.4,0.49,800, 6/26/2026
BR,I2,I,0.4,0.49,700, 6/26/2026
BR,I3,I,0.4,0.49,600, 6/26/2026
BR,IF,J,0.4,0.49,1400, 6/26/2026
BR,VVS1,J,0.4,0.49,1300, 6/26/2026
BR,VVS2,J,0.4,0.49,1200, 6/26/2026
BR,VS1,J,0.4,0.49,1200, 6/26/2026
BR,VS2,J,0.4,0.49,1100, 6/26/2026
BR,SI1,J,0.4,0.49,1000, 6/26/2026
BR,SI2,J,0.4,0.49,1000, 6/26/2026
BR,SI3,J,0.4,0.49,900, 6/26/2026
BR,I1,J,0.4,0.49,800, 6/26/2026
BR,I2,J,0.4,0.49,700, 6/26/2026
BR,I3,J,0.4,0.49,500, 6/26/2026
BR,IF,K,0.4,0.49,1300, 6/26/2026
BR,VVS1,K,0.4,0.49,1200, 6/26/2026
BR,VVS2,K,0.4,0.49,1100, 6/26/2026
BR,VS1,K,0.4,0.49,1100, 6/26/2026
BR,VS2,K,0.4,0.49,1000, 6/26/2026
BR,SI1,K,0.4,0.49,900, 6/26/2026
BR,SI2,K,0.4,0.49,900, 6/26/2026
BR,SI3,K,0.4,0.49,800, 6/26/2026
BR,I1,K,0.4,0.49,700, 6/26/2026
BR,I2,K,0.4,0.49,600, 6/26/2026
BR,I3,K,0.4,0.49,500, 6/26/2026
BR,IF,L,0.4,0.49,1200, 6/26/2026
BR,VVS1,L,0.4,0.49,1100, 6/26/2026
BR,VVS2,L,0.4,0.49,1000, 6/26/2026
BR,VS1,L,0.4,0.49,900, 6/26/2026
BR,VS2,L,0.4,0.49,900, 6/26/2026
BR,SI1,L,0.4,0.49,800, 6/26/2026
BR,SI2,L,0.4,0.49,800, 6/26/2026
BR,SI3,L,0.4,0.49,700, 6/26/2026
BR,I1,L,0.4,0.49,600, 6/26/2026
BR,I2,L,0.4,0.49,500, 6/26/2026
BR,I3,L,0.4,0.49,400, 6/26/2026
BR,IF,M,0.4,0.49,1100, 6/26/2026
BR,VVS1,M,0.4,0.49,1000, 6/26/2026
BR,VVS2,M,0.4,0.49,900, 6/26/2026
BR,VS1,M,0.4,0.49,800, 6/26/2026
BR,VS2,M,0.4,0.49,800, 6/26/2026
BR,SI1,M,0.4,0.49,800, 6/26/2026
BR,SI2,M,0.4,0.49,700, 6/26/2026
BR,SI3,M,0.4,0.49,600, 6/26/2026
BR,I1,M,0.4,0.49,500, 6/26/2026
BR,I2,M,0.4,0.49,500, 6/26/2026
BR,I3,M,0.4,0.49,400, 6/26/2026
BR,IF,D,0.5,0.69,4700, 6/26/2026
BR,VVS1,D,0.5,0.69,3700, 6/26/2026
BR,VVS2,D,0.5,0.69,2900, 6/26/2026
BR,VS1,D,0.5,0.69,2500, 6/26/2026
BR,VS2,D,0.5,0.69,2200, 6/26/2026
BR,SI1,D,0.5,0.69,1900, 6/26/2026
BR,SI2,D,0.5,0.69,1600, 6/26/2026
BR,SI3,D,0.5,0.69,1500, 6/26/2026
BR,I1,D,0.5,0.69,1400, 6/26/2026
BR,I2,D,0.5,0.69,1300, 6/26/2026
BR,I3,D,0.5,0.69,1100, 6/26/2026
BR,IF,E,0.5,0.69,3700, 6/26/2026
BR,VVS1,E,0.5,0.69,3200, 6/26/2026
BR,VVS2,E,0.5,0.69,2600, 6/26/2026
BR,VS1,E,0.5,0.69,2300, 6/26/2026
BR,VS2,E,0.5,0.69,2000, 6/26/2026
BR,SI1,E,0.5,0.69,1700, 6/26/2026
BR,SI2,E,0.5,0.69,1500, 6/26/2026
BR,SI3,E,0.5,0.69,1400, 6/26/2026
BR,I1,E,0.5,0.69,1300, 6/26/2026
BR,I2,E,0.5,0.69,1200, 6/26/2026
BR,I3,E,0.5,0.69,1000, 6/26/2026
BR,IF,F,0.5,0.69,3200, 6/26/2026
BR,VVS1,F,0.5,0.69,2800, 6/26/2026
BR,VVS2,F,0.5,0.69,2400, 6/26/2026
BR,VS1,F,0.5,0.69,2100, 6/26/2026
BR,VS2,F,0.5,0.69,1900, 6/26/2026
BR,SI1,F,0.5,0.69,1600, 6/26/2026
BR,SI2,F,0.5,0.69,1400, 6/26/2026
BR,SI3,F,0.5,0.69,1300, 6/26/2026
BR,I1,F,0.5,0.69,1200, 6/26/2026
BR,I2,F,0.5,0.69,1100, 6/26/2026
BR,I3,F,0.5,0.69,1000, 6/26/2026
BR,IF,G,0.5,0.69,2700, 6/26/2026
BR,VVS1,G,0.5,0.69,2400, 6/26/2026
BR,VVS2,G,0.5,0.69,2100, 6/26/2026
BR,VS1,G,0.5,0.69,1900, 6/26/2026
BR,VS2,G,0.5,0.69,1800, 6/26/2026
BR,SI1,G,0.5,0.69,1500, 6/26/2026
BR,SI2,G,0.5,0.69,1300, 6/26/2026
BR,SI3,G,0.5,0.69,1200, 6/26/2026
BR,I1,G,0.5,0.69,1100, 6/26/2026
BR,I2,G,0.5,0.69,1000, 6/26/2026
BR,I3,G,0.5,0.69,900, 6/26/2026
BR,IF,H,0.5,0.69,2300, 6/26/2026
BR,VVS1,H,0.5,0.69,2100, 6/26/2026
BR,VVS2,H,0.5,0.69,1900, 6/26/2026
BR,VS1,H,0.5,0.69,1700, 6/26/2026
BR,VS2,H,0.5,0.69,1600, 6/26/2026
BR,SI1,H,0.5,0.69,1400, 6/26/2026
BR,SI2,H,0.5,0.69,1200, 6/26/2026
BR,SI3,H,0.5,0.69,1100, 6/26/2026
BR,I1,H,0.5,0.69,1000, 6/26/2026
BR,I2,H,0.5,0.69,1000, 6/26/2026
BR,I3,H,0.5,0.69,800, 6/26/2026
BR,IF,I,0.5,0.69,2000, 6/26/2026
BR,VVS1,I,0.5,0.69,1800, 6/26/2026
BR,VVS2,I,0.5,0.69,1600, 6/26/2026
BR,VS1,I,0.5,0.69,1500, 6/26/2026
BR,VS2,I,0.5,0.69,1400, 6/26/2026
BR,SI1,I,0.5,0.69,1300, 6/26/2026
BR,SI2,I,0.5,0.69,1100, 6/26/2026
BR,SI3,I,0.5,0.69,1000, 6/26/2026
BR,I1,I,0.5,0.69,900, 6/26/2026
BR,I2,I,0.5,0.69,900, 6/26/2026
BR,I3,I,0.5,0.69,800, 6/26/2026
BR,IF,J,0.5,0.69,1700, 6/26/2026
BR,VVS1,J,0.5,0.69,1500, 6/26/2026
BR,VVS2,J,0.5,0.69,1400, 6/26/2026
BR,VS1,J,0.5,0.69,1300, 6/26/2026
BR,VS2,J,0.5,0.69,1200, 6/26/2026
BR,SI1,J,0.5,0.69,1200, 6/26/2026
BR,SI2,J,0.5,0.69,1100, 6/26/2026
BR,SI3,J,0.5,0.69,1000, 6/26/2026
BR,I1,J,0.5,0.69,900, 6/26/2026
BR,I2,J,0.5,0.69,900, 6/26/2026
BR,I3,J,0.5,0.69,700, 6/26/2026
BR,IF,K,0.5,0.69,1500, 6/26/2026
BR,VVS1,K,0.5,0.69,1400, 6/26/2026
BR,VVS2,K,0.5,0.69,1300, 6/26/2026
BR,VS1,K,0.5,0.69,1200, 6/26/2026
BR,VS2,K,0.5,0.69,1100, 6/26/2026
BR,SI1,K,0.5,0.69,1100, 6/26/2026
BR,SI2,K,0.5,0.69,1000, 6/26/2026
BR,SI3,K,0.5,0.69,900, 6/26/2026
BR,I1,K,0.5,0.69,800, 6/26/2026
BR,I2,K,0.5,0.69,800, 6/26/2026
BR,I3,K,0.5,0.69,700, 6/26/2026
BR,IF,L,0.5,0.69,1400, 6/26/2026
BR,VVS1,L,0.5,0.69,1300, 6/26/2026
BR,VVS2,L,0.5,0.69,1200, 6/26/2026
BR,VS1,L,0.5,0.69,1100, 6/26/2026
BR,VS2,L,0.5,0.69,1000, 6/26/2026
BR,SI1,L,0.5,0.69,1000, 6/26/2026
BR,SI2,L,0.5,0.69,900, 6/26/2026
BR,SI3,L,0.5,0.69,900, 6/26/2026
BR,I1,L,0.5,0.69,800, 6/26/2026
BR,I2,L,0.5,0.69,700, 6/26/2026
BR,I3,L,0.5,0.69,600, 6/26/2026
BR,IF,M,0.5,0.69,1300, 6/26/2026
BR,VVS1,M,0.5,0.69,1200, 6/26/2026
BR,VVS2,M,0.5,0.69,1100, 6/26/2026
BR,VS1,M,0.5,0.69,1000, 6/26/2026
BR,VS2,M,0.5,0.69,900, 6/26/2026
BR,SI1,M,0.5,0.69,900, 6/26/2026
BR,SI2,M,0.5,0.69,800, 6/26/2026
BR,SI3,M,0.5,0.69,800, 6/26/2026
BR,I1,M,0.5,0.69,800, 6/26/2026
BR,I2,M,0.5,0.69,600, 6/26/2026
BR,I3,M,0.5,0.69,500, 6/26/2026
BR,IF,D,0.7,0.89,6400, 6/26/2026
BR,VVS1,D,0.7,0.89,5100, 6/26/2026
BR,VVS2,D,0.7,0.89,4100, 6/26/2026
BR,VS1,D,0.7,0.89,3500, 6/26/2026
BR,VS2,D,0.7,0.89,3000, 6/26/2026
BR,SI1,D,0.7,0.89,2600, 6/26/2026
BR,SI2,D,0.7,0.89,2300, 6/26/2026
BR,SI3,D,0.7,0.89,2100, 6/26/2026
BR,I1,D,0.7,0.89,1900, 6/26/2026
BR,I2,D,0.7,0.89,1700, 6/26/2026
BR,I3,D,0.7,0.89,1200, 6/26/2026
BR,IF,E,0.7,0.89,5200, 6/26/2026
BR,VVS1,E,0.7,0.89,4500, 6/26/2026
BR,VVS2,E,0.7,0.89,3800, 6/26/2026
BR,VS1,E,0.7,0.89,3300, 6/26/2026
BR,VS2,E,0.7,0.89,2800, 6/26/2026
BR,SI1,E,0.7,0.89,2400, 6/26/2026
BR,SI2,E,0.7,0.89,2100, 6/26/2026
BR,SI3,E,0.7,0.89,1900, 6/26/2026
BR,I1,E,0.7,0.89,1700, 6/26/2026
BR,I2,E,0.7,0.89,1600, 6/26/2026
BR,I3,E,0.7,0.89,1100, 6/26/2026
BR,IF,F,0.7,0.89,4500, 6/26/2026
BR,VVS1,F,0.7,0.89,4000, 6/26/2026
BR,VVS2,F,0.7,0.89,3400, 6/26/2026
BR,VS1,F,0.7,0.89,3000, 6/26/2026
BR,VS2,F,0.7,0.89,2600, 6/26/2026
BR,SI1,F,0.7,0.89,2200, 6/26/2026
BR,SI2,F,0.7,0.89,1900, 6/26/2026
BR,SI3,F,0.7,0.89,1700, 6/26/2026
BR,I1,F,0.7,0.89,1600, 6/26/2026
BR,I2,F,0.7,0.89,1500, 6/26/2026
BR,I3,F,0.7,0.89,1100, 6/26/2026
BR,IF,G,0.7,0.89,3800, 6/26/2026
BR,VVS1,G,0.7,0.89,3300, 6/26/2026
BR,VVS2,G,0.7,0.89,3000, 6/26/2026
BR,VS1,G,0.7,0.89,2700, 6/26/2026
BR,VS2,G,0.7,0.89,2400, 6/26/2026
BR,SI1,G,0.7,0.89,2000, 6/26/2026
BR,SI2,G,0.7,0.89,1700, 6/26/2026
BR,SI3,G,0.7,0.89,1600, 6/26/2026
BR,I1,G,0.7,0.89,1500, 6/26/2026
BR,I2,G,0.7,0.89,1400, 6/26/2026
BR,I3,G,0.7,0.89,1000, 6/26/2026
BR,IF,H,0.7,0.89,3100, 6/26/2026
BR,VVS1,H,0.7,0.89,2800, 6/26/2026
BR,VVS2,H,0.7,0.89,2500, 6/26/2026
BR,VS1,H,0.7,0.89,2300, 6/26/2026
BR,VS2,H,0.7,0.89,2100, 6/26/2026
BR,SI1,H,0.7,0.89,1800, 6/26/2026
BR,SI2,H,0.7,0.89,1600, 6/26/2026
BR,SI3,H,0.7,0.89,1500, 6/26/2026
BR,I1,H,0.7,0.89,1400, 6/26/2026
BR,I2,H,0.7,0.89,1400, 6/26/2026
BR,I3,H,0.7,0.89,900, 6/26/2026
BR,IF,I,0.7,0.89,2600, 6/26/2026
BR,VVS1,I,0.7,0.89,2300, 6/26/2026
BR,VVS2,I,0.7,0.89,2100, 6/26/2026
BR,VS1,I,0.7,0.89,2000, 6/26/2026
BR,VS2,I,0.7,0.89,1800, 6/26/2026
BR,SI1,I,0.7,0.89,1600, 6/26/2026
BR,SI2,I,0.7,0.89,1500, 6/26/2026
BR,SI3,I,0.7,0.89,1400, 6/26/2026
BR,I1,I,0.7,0.89,1300, 6/26/2026
BR,I2,I,0.7,0.89,1300, 6/26/2026
BR,I3,I,0.7,0.89,900, 6/26/2026
BR,IF,J,0.7,0.89,2200, 6/26/2026
BR,VVS1,J,0.7,0.89,2000, 6/26/2026
BR,VVS2,J,0.7,0.89,1900, 6/26/2026
BR,VS1,J,0.7,0.89,1800, 6/26/2026
BR,VS2,J,0.7,0.89,1600, 6/26/2026
BR,SI1,J,0.7,0.89,1500, 6/26/2026
BR,SI2,J,0.7,0.89,1400, 6/26/2026
BR,SI3,J,0.7,0.89,1300, 6/26/2026
BR,I1,J,0.7,0.89,1200, 6/26/2026
BR,I2,J,0.7,0.89,1200, 6/26/2026
BR,I3,J,0.7,0.89,800, 6/26/2026
BR,IF,K,0.7,0.89,2000, 6/26/2026
BR,VVS1,K,0.7,0.89,1800, 6/26/2026
BR,VVS2,K,0.7,0.89,1700, 6/26/2026
BR,VS1,K,0.7,0.89,1600, 6/26/2026
BR,VS2,K,0.7,0.89,1500, 6/26/2026
BR,SI1,K,0.7,0.89,1400, 6/26/2026
BR,SI2,K,0.7,0.89,1300, 6/26/2026
BR,SI3,K,0.7,0.89,1200, 6/26/2026
BR,I1,K,0.7,0.89,1100, 6/26/2026
BR,I2,K,0.7,0.89,1000, 6/26/2026
BR,I3,K,0.7,0.89,800, 6/26/2026
BR,IF,L,0.7,0.89,1800, 6/26/2026
BR,VVS1,L,0.7,0.89,1600, 6/26/2026
BR,VVS2,L,0.7,0.89,1500, 6/26/2026
BR,VS1,L,0.7,0.89,1400, 6/26/2026
BR,VS2,L,0.7,0.89,1300, 6/26/2026
BR,SI1,L,0.7,0.89,1200, 6/26/2026
BR,SI2,L,0.7,0.89,1100, 6/26/2026
BR,SI3,L,0.7,0.89,1100, 6/26/2026
BR,I1,L,0.7,0.89,1100, 6/26/2026
BR,I2,L,0.7,0.89,800, 6/26/2026
BR,I3,L,0.7,0.89,700, 6/26/2026
BR,IF,M,0.7,0.89,1600, 6/26/2026
BR,VVS1,M,0.7,0.89,1400, 6/26/2026
BR,VVS2,M,0.7,0.89,1300, 6/26/2026
BR,VS1,M,0.7,0.89,1200, 6/26/2026
BR,VS2,M,0.7,0.89,1100, 6/26/2026
BR,SI1,M,0.7,0.89,1100, 6/26/2026
BR,SI2,M,0.7,0.89,1000, 6/26/2026
BR,SI3,M,0.7,0.89,1000, 6/26/2026
BR,I1,M,0.7,0.89,1000, 6/26/2026
BR,I2,M,0.7,0.89,700, 6/26/2026
BR,I3,M,0.7,0.89,600, 6/26/2026
BR,IF,D,0.9,0.99,9600, 6/26/2026
BR,VVS1,D,0.9,0.99,8200, 6/26/2026
BR,VVS2,D,0.9,0.99,6200, 6/26/2026
BR,VS1,D,0.9,0.99,5300, 6/26/2026
BR,VS2,D,0.9,0.99,4500, 6/26/2026
BR,SI1,D,0.9,0.99,3600, 6/26/2026
BR,SI2,D,0.9,0.99,2900, 6/26/2026
BR,SI3,D,0.9,0.99,2600, 6/26/2026
BR,I1,D,0.9,0.99,2500, 6/26/2026
BR,I2,D,0.9,0.99,2000, 6/26/2026
BR,I3,D,0.9,0.99,1500, 6/26/2026
BR,IF,E,0.9,0.99,8300, 6/26/2026
BR,VVS1,E,0.9,0.99,7100, 6/26/2026
BR,VVS2,E,0.9,0.99,5700, 6/26/2026
BR,VS1,E,0.9,0.99,4800, 6/26/2026
BR,VS2,E,0.9,0.99,4100, 6/26/2026
BR,SI1,E,0.9,0.99,3200, 6/26/2026
BR,SI2,E,0.9,0.99,2600, 6/26/2026
BR,SI3,E,0.9,0.99,2400, 6/26/2026
BR,I1,E,0.9,0.99,2300, 6/26/2026
BR,I2,E,0.9,0.99,1900, 6/26/2026
BR,I3,E,0.9,0.99,1400, 6/26/2026
BR,IF,F,0.9,0.99,7300, 6/26/2026
BR,VVS1,F,0.9,0.99,6300, 6/26/2026
BR,VVS2,F,0.9,0.99,5200, 6/26/2026
BR,VS1,F,0.9,0.99,4400, 6/26/2026
BR,VS2,F,0.9,0.99,3800, 6/26/2026
BR,SI1,F,0.9,0.99,3000, 6/26/2026
BR,SI2,F,0.9,0.99,2400, 6/26/2026
BR,SI3,F,0.9,0.99,2200, 6/26/2026
BR,I1,F,0.9,0.99,2100, 6/26/2026
BR,I2,F,0.9,0.99,1800, 6/26/2026
BR,I3,F,0.9,0.99,1300, 6/26/2026
BR,IF,G,0.9,0.99,5900, 6/26/2026
BR,VVS1,G,0.9,0.99,5200, 6/26/2026
BR,VVS2,G,0.9,0.99,4500, 6/26/2026
BR,VS1,G,0.9,0.99,4000, 6/26/2026
BR,VS2,G,0.9,0.99,3500, 6/26/2026
BR,SI1,G,0.9,0.99,2800, 6/26/2026
BR,SI2,G,0.9,0.99,2300, 6/26/2026
BR,SI3,G,0.9,0.99,2100, 6/26/2026
BR,I1,G,0.9,0.99,2000, 6/26/2026
BR,I2,G,0.9,0.99,1700, 6/26/2026
BR,I3,G,0.9,0.99,1200, 6/26/2026
BR,IF,H,0.9,0.99,4700, 6/26/2026
BR,VVS1,H,0.9,0.99,4300, 6/26/2026
BR,VVS2,H,0.9,0.99,3900, 6/26/2026
BR,VS1,H,0.9,0.99,3400, 6/26/2026
BR,VS2,H,0.9,0.99,3100, 6/26/2026
BR,SI1,H,0.9,0.99,2600, 6/26/2026
BR,SI2,H,0.9,0.99,2200, 6/26/2026
BR,SI3,H,0.9,0.99,2000, 6/26/2026
BR,I1,H,0.9,0.99,1900, 6/26/2026
BR,I2,H,0.9,0.99,1600, 6/26/2026
BR,I3,H,0.9,0.99,1200, 6/26/2026
BR,IF,I,0.9,0.99,4100, 6/26/2026
BR,VVS1,I,0.9,0.99,3700, 6/26/2026
BR,VVS2,I,0.9,0.99,3400, 6/26/2026
BR,VS1,I,0.9,0.99,3000, 6/26/2026
BR,VS2,I,0.9,0.99,2800, 6/26/2026
BR,SI1,I,0.9,0.99,2400, 6/26/2026
BR,SI2,I,0.9,0.99,2000, 6/26/2026
BR,SI3,I,0.9,0.99,1900, 6/26/2026
BR,I1,I,0.9,0.99,1800, 6/26/2026
BR,I2,I,0.9,0.99,1500, 6/26/2026
BR,I3,I,0.9,0.99,1100, 6/26/2026
BR,IF,J,0.9,0.99,3500, 6/26/2026
BR,VVS1,J,0.9,0.99,3200, 6/26/2026
BR,VVS2,J,0.9,0.99,2900, 6/26/2026
BR,VS1,J,0.9,0.99,2600, 6/26/2026
BR,VS2,J,0.9,0.99,2400, 6/26/2026
BR,SI1,J,0.9,0.99,2100, 6/26/2026
BR,SI2,J,0.9,0.99,1900, 6/26/2026
BR,SI3,J,0.9,0.99,1800, 6/26/2026
BR,I1,J,0.9,0.99,1700, 6/26/2026
BR,I2,J,0.9,0.99,1400, 6/26/2026
BR,I3,J,0.9,0.99,1000, 6/26/2026
BR,IF,K,0.9,0.99,3000, 6/26/2026
BR,VVS1,K,0.9,0.99,2700, 6/26/2026
BR,VVS2,K,0.9,0.99,2500, 6/26/2026
BR,VS1,K,0.9,0.99,2300, 6/26/2026
BR,VS2,K,0.9,0.99,2100, 6/26/2026
BR,SI1,K,0.9,0.99,1900, 6/26/2026
BR,SI2,K,0.9,0.99,1700, 6/26/2026
BR,SI3,K,0.9,0.99,1600, 6/26/2026
BR,I1,K,0.9,0.99,1500, 6/26/2026
BR,I2,K,0.9,0.99,1300, 6/26/2026
BR,I3,K,0.9,0.99,900, 6/26/2026
BR,IF,L,0.9,0.99,2600, 6/26/2026
BR,VVS1,L,0.9,0.99,2300, 6/26/2026
BR,VVS2,L,0.9,0.99,2100, 6/26/2026
BR,VS1,L,0.9,0.99,2000, 6/26/2026
BR,VS2,L,0.9,0.99,1800, 6/26/2026
BR,SI1,L,0.9,0.99,1600, 6/26/2026
BR,SI2,L,0.9,0.99,1500, 6/26/2026
BR,SI3,L,0.9,0.99,1500, 6/26/2026
BR,I1,L,0.9,0.99,1400, 6/26/2026
BR,I2,L,0.9,0.99,1200, 6/26/2026
BR,I3,L,0.9,0.99,800, 6/26/2026
BR,IF,M,0.9,0.99,2300, 6/26/2026
BR,VVS1,M,0.9,0.99,2000, 6/26/2026
BR,VVS2,M,0.9,0.99,1800, 6/26/2026
BR,VS1,M,0.9,0.99,1700, 6/26/2026
BR,VS2,M,0.9,0.99,1600, 6/26/2026
BR,SI1,M,0.9,0.99,1500, 6/26/2026
BR,SI2,M,0.9,0.99,1400, 6/26/2026
BR,SI3,M,0.9,0.99,1400, 6/26/2026
BR,I1,M,0.9,0.99,1300, 6/26/2026
BR,I2,M,0.9,0.99,1000, 6/26/2026
BR,I3,M,0.9,0.99,700, 6/26/2026
BR,IF,D,1,1.49,15000, 6/26/2026
BR,VVS1,D,1,1.49,11800, 6/26/2026
BR,VVS2,D,1,1.49,8900, 6/26/2026
BR,VS1,D,1,1.49,7600, 6/26/2026
BR,VS2,D,1,1.49,6300, 6/26/2026
BR,SI1,D,1,1.49,4800, 6/26/2026
BR,SI2,D,1,1.49,3700, 6/26/2026
BR,SI3,D,1,1.49,3200, 6/26/2026
BR,I1,D,1,1.49,3000, 6/26/2026
BR,I2,D,1,1.49,2300, 6/26/2026
BR,I3,D,1,1.49,1600, 6/26/2026
BR,IF,E,1,1.49,11500, 6/26/2026
BR,VVS1,E,1,1.49,10200, 6/26/2026
BR,VVS2,E,1,1.49,8100, 6/26/2026
BR,VS1,E,1,1.49,6900, 6/26/2026
BR,VS2,E,1,1.49,5700, 6/26/2026
BR,SI1,E,1,1.49,4400, 6/26/2026
BR,SI2,E,1,1.49,3400, 6/26/2026
BR,SI3,E,1,1.49,3000, 6/26/2026
BR,I1,E,1,1.49,2800, 6/26/2026
BR,I2,E,1,1.49,2200, 6/26/2026
BR,I3,E,1,1.49,1500, 6/26/2026
BR,IF,F,1,1.49,9600, 6/26/2026
BR,VVS1,F,1,1.49,8700, 6/26/2026
BR,VVS2,F,1,1.49,7400, 6/26/2026
BR,VS1,F,1,1.49,6300, 6/26/2026
BR,VS2,F,1,1.49,5200, 6/26/2026
BR,SI1,F,1,1.49,4100, 6/26/2026
BR,SI2,F,1,1.49,3200, 6/26/2026
BR,SI3,F,1,1.49,2800, 6/26/2026
BR,I1,F,1,1.49,2600, 6/26/2026
BR,I2,F,1,1.49,2100, 6/26/2026
BR,I3,F,1,1.49,1400, 6/26/2026
BR,IF,G,1,1.49,7500, 6/26/2026
BR,VVS1,G,1,1.49,6800, 6/26/2026
BR,VVS2,G,1,1.49,6200, 6/26/2026
BR,VS1,G,1,1.49,5400, 6/26/2026
BR,VS2,G,1,1.49,4700, 6/26/2026
BR,SI1,G,1,1.49,3700, 6/26/2026
BR,SI2,G,1,1.49,3000, 6/26/2026
BR,SI3,G,1,1.49,2600, 6/26/2026
BR,I1,G,1,1.49,2400, 6/26/2026
BR,I2,G,1,1.49,2000, 6/26/2026
BR,I3,G,1,1.49,1300, 6/26/2026
BR,IF,H,1,1.49,5800, 6/26/2026
BR,VVS1,H,1,1.49,5300, 6/26/2026
BR,VVS2,H,1,1.49,4900, 6/26/2026
BR,VS1,H,1,1.49,4500, 6/26/2026
BR,VS2,H,1,1.49,4200, 6/26/2026
BR,SI1,H,1,1.49,3400, 6/26/2026
BR,SI2,H,1,1.49,2800, 6/26/2026
BR,SI3,H,1,1.49,2500, 6/26/2026
BR,I1,H,1,1.49,2300, 6/26/2026
BR,I2,H,1,1.49,1900, 6/26/2026
BR,I3,H,1,1.49,1300, 6/26/2026
BR,IF,I,1,1.49,4800, 6/26/2026
BR,VVS1,I,1,1.49,4400, 6/26/2026
BR,VVS2,I,1,1.49,4100, 6/26/2026
BR,VS1,I,1,1.49,3800, 6/26/2026
BR,VS2,I,1,1.49,3500, 6/26/2026
BR,SI1,I,1,1.49,3100, 6/26/2026
BR,SI2,I,1,1.49,2600, 6/26/2026
BR,SI3,I,1,1.49,2400, 6/26/2026
BR,I1,I,1,1.49,2200, 6/26/2026
BR,I2,I,1,1.49,1800, 6/26/2026
BR,I3,I,1,1.49,1200, 6/26/2026
BR,IF,J,1,1.49,4000, 6/26/2026
BR,VVS1,J,1,1.49,3600, 6/26/2026
BR,VVS2,J,1,1.49,3300, 6/26/2026
BR,VS1,J,1,1.49,3100, 6/26/2026
BR,VS2,J,1,1.49,2900, 6/26/2026
BR,SI1,J,1,1.49,2600, 6/26/2026
BR,SI2,J,1,1.49,2300, 6/26/2026
BR,SI3,J,1,1.49,2100, 6/26/2026
BR,I1,J,1,1.49,2000, 6/26/2026
BR,I2,J,1,1.49,1700, 6/26/2026
BR,I3,J,1,1.49,1200, 6/26/2026
BR,IF,K,1,1.49,3400, 6/26/2026
BR,VVS1,K,1,1.49,3100, 6/26/2026
BR,VVS2,K,1,1.49,2900, 6/26/2026
BR,VS1,K,1,1.49,2700, 6/26/2026
BR,VS2,K,1,1.49,2500, 6/26/2026
BR,SI1,K,1,1.49,2300, 6/26/2026
BR,SI2,K,1,1.49,2100, 6/26/2026
BR,SI3,K,1,1.49,2000, 6/26/2026
BR,I1,K,1,1.49,1900, 6/26/2026
BR,I2,K,1,1.49,1600, 6/26/2026
BR,I3,K,1,1.49,1100, 6/26/2026
BR,IF,L,1,1.49,2900, 6/26/2026
BR,VVS1,L,1,1.49,2700, 6/26/2026
BR,VVS2,L,1,1.49,2500, 6/26/2026
BR,VS1,L,1,1.49,2300, 6/26/2026
BR,VS2,L,1,1.49,2100, 6/26/2026
BR,SI1,L,1,1.49,1900, 6/26/2026
BR,SI2,L,1,1.49,1800, 6/26/2026
BR,SI3,L,1,1.49,1700, 6/26/2026
BR,I1,L,1,1.49,1600, 6/26/2026
BR,I2,L,1,1.49,1500, 6/26/2026
BR,I3,L,1,1.49,1000, 6/26/2026
BR,IF,M,1,1.49,2500, 6/26/2026
BR,VVS1,M,1,1.49,2300, 6/26/2026
BR,VVS2,M,1,1.49,2200, 6/26/2026
BR,VS1,M,1,1.49,2100, 6/26/2026
BR,VS2,M,1,1.49,1900, 6/26/2026
BR,SI1,M,1,1.49,1700, 6/26/2026
BR,SI2,M,1,1.49,1600, 6/26/2026
BR,SI3,M,1,1.49,1500, 6/26/2026
BR,I1,M,1,1.49,1400, 6/26/2026
BR,I2,M,1,1.49,1400, 6/26/2026
BR,I3,M,1,1.49,1000, 6/26/2026
BR,IF,D,1.5,1.99,20000, 6/26/2026
BR,VVS1,D,1.5,1.99,17800, 6/26/2026
BR,VVS2,D,1.5,1.99,14600, 6/26/2026
BR,VS1,D,1.5,1.99,12700, 6/26/2026
BR,VS2,D,1.5,1.99,11400, 6/26/2026
BR,SI1,D,1.5,1.99,8800, 6/26/2026
BR,SI2,D,1.5,1.99,7100, 6/26/2026
BR,SI3,D,1.5,1.99,6300, 6/26/2026
BR,I1,D,1.5,1.99,5200, 6/26/2026
BR,I2,D,1.5,1.99,3300, 6/26/2026
BR,I3,D,1.5,1.99,1800, 6/26/2026
BR,IF,E,1.5,1.99,17900, 6/26/2026
BR,VVS1,E,1.5,1.99,16400, 6/26/2026
BR,VVS2,E,1.5,1.99,13600, 6/26/2026
BR,VS1,E,1.5,1.99,11600, 6/26/2026
BR,VS2,E,1.5,1.99,10500, 6/26/2026
BR,SI1,E,1.5,1.99,8200, 6/26/2026
BR,SI2,E,1.5,1.99,6500, 6/26/2026
BR,SI3,E,1.5,1.99,5700, 6/26/2026
BR,I1,E,1.5,1.99,4900, 6/26/2026
BR,I2,E,1.5,1.99,3100, 6/26/2026
BR,I3,E,1.5,1.99,1700, 6/26/2026
BR,IF,F,1.5,1.99,15600, 6/26/2026
BR,VVS1,F,1.5,1.99,14500, 6/26/2026
BR,VVS2,F,1.5,1.99,12500, 6/26/2026
BR,VS1,F,1.5,1.99,10800, 6/26/2026
BR,VS2,F,1.5,1.99,9800, 6/26/2026
BR,SI1,F,1.5,1.99,7700, 6/26/2026
BR,SI2,F,1.5,1.99,6100, 6/26/2026
BR,SI3,F,1.5,1.99,5400, 6/26/2026
BR,I1,F,1.5,1.99,4700, 6/26/2026
BR,I2,F,1.5,1.99,3000, 6/26/2026
BR,I3,F,1.5,1.99,1600, 6/26/2026
BR,IF,G,1.5,1.99,12900, 6/26/2026
BR,VVS1,G,1.5,1.99,12000, 6/26/2026
BR,VVS2,G,1.5,1.99,10800, 6/26/2026
BR,VS1,G,1.5,1.99,9400, 6/26/2026
BR,VS2,G,1.5,1.99,8500, 6/26/2026
BR,SI1,G,1.5,1.99,7100, 6/26/2026
BR,SI2,G,1.5,1.99,5700, 6/26/2026
BR,SI3,G,1.5,1.99,5100, 6/26/2026
BR,I1,G,1.5,1.99,4400, 6/26/2026
BR,I2,G,1.5,1.99,2900, 6/26/2026
BR,I3,G,1.5,1.99,1500, 6/26/2026
BR,IF,H,1.5,1.99,10300, 6/26/2026
BR,VVS1,H,1.5,1.99,9500, 6/26/2026
BR,VVS2,H,1.5,1.99,8600, 6/26/2026
BR,VS1,H,1.5,1.99,7700, 6/26/2026
BR,VS2,H,1.5,1.99,7000, 6/26/2026
BR,SI1,H,1.5,1.99,6300, 6/26/2026
BR,SI2,H,1.5,1.99,5200, 6/26/2026
BR,SI3,H,1.5,1.99,4800, 6/26/2026
BR,I1,H,1.5,1.99,4000, 6/26/2026
BR,I2,H,1.5,1.99,2800, 6/26/2026
BR,I3,H,1.5,1.99,1500, 6/26/2026
BR,IF,I,1.5,1.99,8300, 6/26/2026
BR,VVS1,I,1.5,1.99,7700, 6/26/2026
BR,VVS2,I,1.5,1.99,6900, 6/26/2026
BR,VS1,I,1.5,1.99,6500, 6/26/2026
BR,VS2,I,1.5,1.99,6000, 6/26/2026
BR,SI1,I,1.5,1.99,5300, 6/26/2026
BR,SI2,I,1.5,1.99,4800, 6/26/2026
BR,SI3,I,1.5,1.99,4400, 6/26/2026
BR,I1,I,1.5,1.99,3700, 6/26/2026
BR,I2,I,1.5,1.99,2600, 6/26/2026
BR,I3,I,1.5,1.99,1400, 6/26/2026
BR,IF,J,1.5,1.99,7000, 6/26/2026
BR,VVS1,J,1.5,1.99,6400, 6/26/2026
BR,VVS2,J,1.5,1.99,5800, 6/26/2026
BR,VS1,J,1.5,1.99,5400, 6/26/2026
BR,VS2,J,1.5,1.99,5000, 6/26/2026
BR,SI1,J,1.5,1.99,4600, 6/26/2026
BR,SI2,J,1.5,1.99,4100, 6/26/2026
BR,SI3,J,1.5,1.99,3700, 6/26/2026
BR,I1,J,1.5,1.99,3300, 6/26/2026
BR,I2,J,1.5,1.99,2500, 6/26/2026
BR,I3,J,1.5,1.99,1400, 6/26/2026
BR,IF,K,1.5,1.99,6000, 6/26/2026
BR,VVS1,K,1.5,1.99,5300, 6/26/2026
BR,VVS2,K,1.5,1.99,4800, 6/26/2026
BR,VS1,K,1.5,1.99,4500, 6/26/2026
BR,VS2,K,1.5,1.99,4200, 6/26/2026
BR,SI1,K,1.5,1.99,3800, 6/26/2026
BR,SI2,K,1.5,1.99,3500, 6/26/2026
BR,SI3,K,1.5,1.99,3200, 6/26/2026
BR,I1,K,1.5,1.99,2900, 6/26/2026
BR,I2,K,1.5,1.99,2300, 6/26/2026
BR,I3,K,1.5,1.99,1300, 6/26/2026
BR,IF,L,1.5,1.99,5000, 6/26/2026
BR,VVS1,L,1.5,1.99,4500, 6/26/2026
BR,VVS2,L,1.5,1.99,4100, 6/26/2026
BR,VS1,L,1.5,1.99,3800, 6/26/2026
BR,VS2,L,1.5,1.99,3600, 6/26/2026
BR,SI1,L,1.5,1.99,3300, 6/26/2026
BR,SI2,L,1.5,1.99,3100, 6/26/2026
BR,SI3,L,1.5,1.99,2900, 6/26/2026
BR,I1,L,1.5,1.99,2800, 6/26/2026
BR,I2,L,1.5,1.99,2200, 6/26/2026
BR,I3,L,1.5,1.99,1200, 6/26/2026
BR,IF,M,1.5,1.99,4400, 6/26/2026
BR,VVS1,M,1.5,1.99,3900, 6/26/2026
BR,VVS2,M,1.5,1.99,3700, 6/26/2026
BR,VS1,M,1.5,1.99,3400, 6/26/2026
BR,VS2,M,1.5,1.99,3200, 6/26/2026
BR,SI1,M,1.5,1.99,3000, 6/26/2026
BR,SI2,M,1.5,1.99,2900, 6/26/2026
BR,SI3,M,1.5,1.99,2700, 6/26/2026
BR,I1,M,1.5,1.99,2600, 6/26/2026
BR,I2,M,1.5,1.99,2100, 6/26/2026
BR,I3,M,1.5,1.99,1200, 6/26/2026
BR,IF,D,2,2.99,33000, 6/26/2026
BR,VVS1,D,2,2.99,27500, 6/26/2026
BR,VVS2,D,2,2.99,23500, 6/26/2026
BR,VS1,D,2,2.99,20500, 6/26/2026
BR,VS2,D,2,2.99,17500, 6/26/2026
BR,SI1,D,2,2.99,14100, 6/26/2026
BR,SI2,D,2,2.99,11300, 6/26/2026
BR,SI3,D,2,2.99,9500, 6/26/2026
BR,I1,D,2,2.99,8000, 6/26/2026
BR,I2,D,2,2.99,4100, 6/26/2026
BR,I3,D,2,2.99,1900, 6/26/2026
BR,IF,E,2,2.99,27000, 6/26/2026
BR,VVS1,E,2,2.99,24500, 6/26/2026
BR,VVS2,E,2,2.99,21000, 6/26/2026
BR,VS1,E,2,2.99,19000, 6/26/2026
BR,VS2,E,2,2.99,16000, 6/26/2026
BR,SI1,E,2,2.99,13200, 6/26/2026
BR,SI2,E,2,2.99,10500, 6/26/2026
BR,SI3,E,2,2.99,8800, 6/26/2026
BR,I1,E,2,2.99,7600, 6/26/2026
BR,I2,E,2,2.99,3900, 6/26/2026
BR,I3,E,2,2.99,1800, 6/26/2026
BR,IF,F,2,2.99,24500, 6/26/2026
BR,VVS1,F,2,2.99,22000, 6/26/2026
BR,VVS2,F,2,2.99,19500, 6/26/2026
BR,VS1,F,2,2.99,17500, 6/26/2026
BR,VS2,F,2,2.99,15000, 6/26/2026
BR,SI1,F,2,2.99,12300, 6/26/2026
BR,SI2,F,2,2.99,9800, 6/26/2026
BR,SI3,F,2,2.99,8300, 6/26/2026
BR,I1,F,2,2.99,7200, 6/26/2026
BR,I2,F,2,2.99,3700, 6/26/2026
BR,I3,F,2,2.99,1700, 6/26/2026
BR,IF,G,2,2.99,20500, 6/26/2026
BR,VVS1,G,2,2.99,18500, 6/26/2026
BR,VVS2,G,2,2.99,16500, 6/26/2026
BR,VS1,G,2,2.99,15000, 6/26/2026
BR,VS2,G,2,2.99,13500, 6/26/2026
BR,SI1,G,2,2.99,11200, 6/26/2026
BR,SI2,G,2,2.99,9200, 6/26/2026
BR,SI3,G,2,2.99,7700, 6/26/2026
BR,I1,G,2,2.99,6800, 6/26/2026
BR,I2,G,2,2.99,3500, 6/26/2026
BR,I3,G,2,2.99,1600, 6/26/2026
BR,IF,H,2,2.99,16500, 6/26/2026
BR,VVS1,H,2,2.99,15000, 6/26/2026
BR,VVS2,H,2,2.99,13500, 6/26/2026
BR,VS1,H,2,2.99,12500, 6/26/2026
BR,VS2,H,2,2.99,11500, 6/26/2026
BR,SI1,H,2,2.99,10400, 6/26/2026
BR,SI2,H,2,2.99,8600, 6/26/2026
BR,SI3,H,2,2.99,7100, 6/26/2026
BR,I1,H,2,2.99,6500, 6/26/2026
BR,I2,H,2,2.99,3300, 6/26/2026
BR,I3,H,2,2.99,1500, 6/26/2026
BR,IF,I,2,2.99,13500, 6/26/2026
BR,VVS1,I,2,2.99,12000, 6/26/2026
BR,VVS2,I,2,2.99,11000, 6/26/2026
BR,VS1,I,2,2.99,10000, 6/26/2026
BR,VS2,I,2,2.99,9300, 6/26/2026
BR,SI1,I,2,2.99,8600, 6/26/2026
BR,SI2,I,2,2.99,7800, 6/26/2026
BR,SI3,I,2,2.99,6600, 6/26/2026
BR,I1,I,2,2.99,6100, 6/26/2026
BR,I2,I,2,2.99,3100, 6/26/2026
BR,I3,I,2,2.99,1500, 6/26/2026
BR,IF,J,2,2.99,10900, 6/26/2026
BR,VVS1,J,2,2.99,9900, 6/26/2026
BR,VVS2,J,2,2.99,9100, 6/26/2026
BR,VS1,J,2,2.99,8400, 6/26/2026
BR,VS2,J,2,2.99,7600, 6/26/2026
BR,SI1,J,2,2.99,6900, 6/26/2026
BR,SI2,J,2,2.99,6300, 6/26/2026
BR,SI3,J,2,2.99,5700, 6/26/2026
BR,I1,J,2,2.99,5400, 6/26/2026
BR,I2,J,2,2.99,2900, 6/26/2026
BR,I3,J,2,2.99,1400, 6/26/2026
BR,IF,K,2,2.99,9100, 6/26/2026
BR,VVS1,K,2,2.99,8300, 6/26/2026
BR,VVS2,K,2,2.99,7600, 6/26/2026
BR,VS1,K,2,2.99,7000, 6/26/2026
BR,VS2,K,2,2.99,6300, 6/26/2026
BR,SI1,K,2,2.99,5700, 6/26/2026
BR,SI2,K,2,2.99,5300, 6/26/2026
BR,SI3,K,2,2.99,5000, 6/26/2026
BR,I1,K,2,2.99,4700, 6/26/2026
BR,I2,K,2,2.99,2800, 6/26/2026
BR,I3,K,2,2.99,1400, 6/26/2026
BR,IF,L,2,2.99,7800, 6/26/2026
BR,VVS1,L,2,2.99,7100, 6/26/2026
BR,VVS2,L,2,2.99,6600, 6/26/2026
BR,VS1,L,2,2.99,6100, 6/26/2026
BR,VS2,L,2,2.99,5400, 6/26/2026
BR,SI1,L,2,2.99,5000, 6/26/2026
BR,SI2,L,2,2.99,4600, 6/26/2026
BR,SI3,L,2,2.99,4300, 6/26/2026
BR,I1,L,2,2.99,4000, 6/26/2026
BR,I2,L,2,2.99,2700, 6/26/2026
BR,I3,L,2,2.99,1300, 6/26/2026
BR,IF,M,2,2.99,6800, 6/26/2026
BR,VVS1,M,2,2.99,6300, 6/26/2026
BR,VVS2,M,2,2.99,5700, 6/26/2026
BR,VS1,M,2,2.99,5400, 6/26/2026
BR,VS2,M,2,2.99,4800, 6/26/2026
BR,SI1,M,2,2.99,4500, 6/26/2026
BR,SI2,M,2,2.99,4200, 6/26/2026
BR,SI3,M,2,2.99,4000, 6/26/2026
BR,I1,M,2,2.99,3800, 6/26/2026
BR,I2,M,2,2.99,2600, 6/26/2026
BR,I3,M,2,2.99,1300, 6/26/2026
BR,IF,D,3,3.99,55000, 6/26/2026
BR,VVS1,D,3,3.99,46000, 6/26/2026
BR,VVS2,D,3,3.99,41000, 6/26/2026
BR,VS1,D,3,3.99,35000, 6/26/2026
BR,VS2,D,3,3.99,29500, 6/26/2026
BR,SI1,D,3,3.99,23500, 6/26/2026
BR,SI2,D,3,3.99,20000, 6/26/2026
BR,SI3,D,3,3.99,13900, 6/26/2026
BR,I1,D,3,3.99,10300, 6/26/2026
BR,I2,D,3,3.99,4900, 6/26/2026
BR,I3,D,3,3.99,2100, 6/26/2026
BR,IF,E,3,3.99,45000, 6/26/2026
BR,VVS1,E,3,3.99,42000, 6/26/2026
BR,VVS2,E,3,3.99,37000, 6/26/2026
BR,VS1,E,3,3.99,32000, 6/26/2026
BR,VS2,E,3,3.99,26500, 6/26/2026
BR,SI1,E,3,3.99,21000, 6/26/2026
BR,SI2,E,3,3.99,18500, 6/26/2026
BR,SI3,E,3,3.99,13100, 6/26/2026
BR,I1,E,3,3.99,9800, 6/26/2026
BR,I2,E,3,3.99,4700, 6/26/2026
BR,I3,E,3,3.99,2000, 6/26/2026
BR,IF,F,3,3.99,40500, 6/26/2026
BR,VVS1,F,3,3.99,37500, 6/26/2026
BR,VVS2,F,3,3.99,33500, 6/26/2026
BR,VS1,F,3,3.99,29500, 6/26/2026
BR,VS2,F,3,3.99,24500, 6/26/2026
BR,SI1,F,3,3.99,19500, 6/26/2026
BR,SI2,F,3,3.99,17000, 6/26/2026
BR,SI3,F,3,3.99,12400, 6/26/2026
BR,I1,F,3,3.99,9300, 6/26/2026
BR,I2,F,3,3.99,4500, 6/26/2026
BR,I3,F,3,3.99,1900, 6/26/2026
BR,IF,G,3,3.99,33500, 6/26/2026
BR,VVS1,G,3,3.99,31500, 6/26/2026
BR,VVS2,G,3,3.99,28000, 6/26/2026
BR,VS1,G,3,3.99,24500, 6/26/2026
BR,VS2,G,3,3.99,21000, 6/26/2026
BR,SI1,G,3,3.99,18000, 6/26/2026
BR,SI2,G,3,3.99,15500, 6/26/2026
BR,SI3,G,3,3.99,11200, 6/26/2026
BR,I1,G,3,3.99,8700, 6/26/2026
BR,I2,G,3,3.99,4300, 6/26/2026
BR,I3,G,3,3.99,1800, 6/26/2026
BR,IF,H,3,3.99,27000, 6/26/2026
BR,VVS1,H,3,3.99,25000, 6/26/2026
BR,VVS2,H,3,3.99,22500, 6/26/2026
BR,VS1,H,3,3.99,20500, 6/26/2026
BR,VS2,H,3,3.99,18500, 6/26/2026
BR,SI1,H,3,3.99,16000, 6/26/2026
BR,SI2,H,3,3.99,13500, 6/26/2026
BR,SI3,H,3,3.99,10100, 6/26/2026
BR,I1,H,3,3.99,8200, 6/26/2026
BR,I2,H,3,3.99,4100, 6/26/2026
BR,I3,H,3,3.99,1700, 6/26/2026
BR,IF,I,3,3.99,22000, 6/26/2026
BR,VVS1,I,3,3.99,20500, 6/26/2026
BR,VVS2,I,3,3.99,19000, 6/26/2026
BR,VS1,I,3,3.99,17500, 6/26/2026
BR,VS2,I,3,3.99,16000, 6/26/2026
BR,SI1,I,3,3.99,14000, 6/26/2026
BR,SI2,I,3,3.99,12000, 6/26/2026
BR,SI3,I,3,3.99,9200, 6/26/2026
BR,I1,I,3,3.99,7700, 6/26/2026
BR,I2,I,3,3.99,3800, 6/26/2026
BR,I3,I,3,3.99,1600, 6/26/2026
BR,IF,J,3,3.99,17500, 6/26/2026
BR,VVS1,J,3,3.99,16500, 6/26/2026
BR,VVS2,J,3,3.99,15000, 6/26/2026
BR,VS1,J,3,3.99,14000, 6/26/2026
BR,VS2,J,3,3.99,13000, 6/26/2026
BR,SI1,J,3,3.99,12000, 6/26/2026
BR,SI2,J,3,3.99,11000, 6/26/2026
BR,SI3,J,3,3.99,8400, 6/26/2026
BR,I1,J,3,3.99,7100, 6/26/2026
BR,I2,J,3,3.99,3500, 6/26/2026
BR,I3,J,3,3.99,1500, 6/26/2026
BR,IF,K,3,3.99,14500, 6/26/2026
BR,VVS1,K,3,3.99,13500, 6/26/2026
BR,VVS2,K,3,3.99,12500, 6/26/2026
BR,VS1,K,3,3.99,12000, 6/26/2026
BR,VS2,K,3,3.99,11000, 6/26/2026
BR,SI1,K,3,3.99,10300, 6/26/2026
BR,SI2,K,3,3.99,9700, 6/26/2026
BR,SI3,K,3,3.99,7600, 6/26/2026
BR,I1,K,3,3.99,6200, 6/26/2026
BR,I2,K,3,3.99,3300, 6/26/2026
BR,I3,K,3,3.99,1500, 6/26/2026
BR,IF,L,3,3.99,11700, 6/26/2026
BR,VVS1,L,3,3.99,11100, 6/26/2026
BR,VVS2,L,3,3.99,10700, 6/26/2026
BR,VS1,L,3,3.99,10300, 6/26/2026
BR,VS2,L,3,3.99,9500, 6/26/2026
BR,SI1,L,3,3.99,9000, 6/26/2026
BR,SI2,L,3,3.99,8200, 6/26/2026
BR,SI3,L,3,3.99,6500, 6/26/2026
BR,I1,L,3,3.99,5500, 6/26/2026
BR,I2,L,3,3.99,3100, 6/26/2026
BR,I3,L,3,3.99,1400, 6/26/2026
BR,IF,M,3,3.99,9500, 6/26/2026
BR,VVS1,M,3,3.99,9100, 6/26/2026
BR,VVS2,M,3,3.99,8700, 6/26/2026
BR,VS1,M,3,3.99,8300, 6/26/2026
BR,VS2,M,3,3.99,7900, 6/26/2026
BR,SI1,M,3,3.99,7500, 6/26/2026
BR,SI2,M,3,3.99,6700, 6/26/2026
BR,SI3,M,3,3.99,5800, 6/26/2026
BR,I1,M,3,3.99,4700, 6/26/2026
BR,I2,M,3,3.99,3000, 6/26/2026
BR,I3,M,3,3.99,1400, 6/26/2026
BR,IF,D,4,4.99,74500, 6/26/2026
BR,VVS1,D,4,4.99,64500, 6/26/2026
BR,VVS2,D,4,4.99,58500, 6/26/2026
BR,VS1,D,4,4.99,49500, 6/26/2026
BR,VS2,D,4,4.99,41500, 6/26/2026
BR,SI1,D,4,4.99,31500, 6/26/2026
BR,SI2,D,4,4.99,25500, 6/26/2026
BR,SI3,D,4,4.99,15500, 6/26/2026
BR,I1,D,4,4.99,11100, 6/26/2026
BR,I2,D,4,4.99,5400, 6/26/2026
BR,I3,D,4,4.99,2300, 6/26/2026
BR,IF,E,4,4.99,62500, 6/26/2026
BR,VVS1,E,4,4.99,58500, 6/26/2026
BR,VVS2,E,4,4.99,52500, 6/26/2026
BR,VS1,E,4,4.99,45000, 6/26/2026
BR,VS2,E,4,4.99,39000, 6/26/2026
BR,SI1,E,4,4.99,29500, 6/26/2026
BR,SI2,E,4,4.99,24000, 6/26/2026
BR,SI3,E,4,4.99,14500, 6/26/2026
BR,I1,E,4,4.99,10600, 6/26/2026
BR,I2,E,4,4.99,5200, 6/26/2026
BR,I3,E,4,4.99,2200, 6/26/2026
BR,IF,F,4,4.99,56500, 6/26/2026
BR,VVS1,F,4,4.99,52000, 6/26/2026
BR,VVS2,F,4,4.99,47500, 6/26/2026
BR,VS1,F,4,4.99,41000, 6/26/2026
BR,VS2,F,4,4.99,35500, 6/26/2026
BR,SI1,F,4,4.99,27500, 6/26/2026
BR,SI2,F,4,4.99,22500, 6/26/2026
BR,SI3,F,4,4.99,13800, 6/26/2026
BR,I1,F,4,4.99,10100, 6/26/2026
BR,I2,F,4,4.99,5000, 6/26/2026
BR,I3,F,4,4.99,2100, 6/26/2026
BR,IF,G,4,4.99,46500, 6/26/2026
BR,VVS1,G,4,4.99,43000, 6/26/2026
BR,VVS2,G,4,4.99,39500, 6/26/2026
BR,VS1,G,4,4.99,36000, 6/26/2026
BR,VS2,G,4,4.99,31500, 6/26/2026
BR,SI1,G,4,4.99,24500, 6/26/2026
BR,SI2,G,4,4.99,20000, 6/26/2026
BR,SI3,G,4,4.99,12700, 6/26/2026
BR,I1,G,4,4.99,9500, 6/26/2026
BR,I2,G,4,4.99,4700, 6/26/2026
BR,I3,G,4,4.99,2000, 6/26/2026
BR,IF,H,4,4.99,36000, 6/26/2026
BR,VVS1,H,4,4.99,33500, 6/26/2026
BR,VVS2,H,4,4.99,31500, 6/26/2026
BR,VS1,H,4,4.99,29500, 6/26/2026
BR,VS2,H,4,4.99,26000, 6/26/2026
BR,SI1,H,4,4.99,21500, 6/26/2026
BR,SI2,H,4,4.99,18000, 6/26/2026
BR,SI3,H,4,4.99,11400, 6/26/2026
BR,I1,H,4,4.99,9000, 6/26/2026
BR,I2,H,4,4.99,4400, 6/26/2026
BR,I3,H,4,4.99,1900, 6/26/2026
BR,IF,I,4,4.99,28000, 6/26/2026
BR,VVS1,I,4,4.99,26000, 6/26/2026
BR,VVS2,I,4,4.99,24500, 6/26/2026
BR,VS1,I,4,4.99,23000, 6/26/2026
BR,VS2,I,4,4.99,21000, 6/26/2026
BR,SI1,I,4,4.99,19000, 6/26/2026
BR,SI2,I,4,4.99,16000, 6/26/2026
BR,SI3,I,4,4.99,10500, 6/26/2026
BR,I1,I,4,4.99,8600, 6/26/2026
BR,I2,I,4,4.99,4100, 6/26/2026
BR,I3,I,4,4.99,1800, 6/26/2026
BR,IF,J,4,4.99,22500, 6/26/2026
BR,VVS1,J,4,4.99,21000, 6/26/2026
BR,VVS2,J,4,4.99,19500, 6/26/2026
BR,VS1,J,4,4.99,18500, 6/26/2026
BR,VS2,J,4,4.99,17000, 6/26/2026
BR,SI1,J,4,4.99,15500, 6/26/2026
BR,SI2,J,4,4.99,14000, 6/26/2026
BR,SI3,J,4,4.99,9500, 6/26/2026
BR,I1,J,4,4.99,7500, 6/26/2026
BR,I2,J,4,4.99,3900, 6/26/2026
BR,I3,J,4,4.99,1700, 6/26/2026
BR,IF,K,4,4.99,18500, 6/26/2026
BR,VVS1,K,4,4.99,17500, 6/26/2026
BR,VVS2,K,4,4.99,16000, 6/26/2026
BR,VS1,K,4,4.99,15000, 6/26/2026
BR,VS2,K,4,4.99,14000, 6/26/2026
BR,SI1,K,4,4.99,13000, 6/26/2026
BR,SI2,K,4,4.99,12000, 6/26/2026
BR,SI3,K,4,4.99,8300, 6/26/2026
BR,I1,K,4,4.99,6600, 6/26/2026
BR,I2,K,4,4.99,3600, 6/26/2026
BR,I3,K,4,4.99,1700, 6/26/2026
BR,IF,L,4,4.99,15000, 6/26/2026
BR,VVS1,L,4,4.99,14000, 6/26/2026
BR,VVS2,L,4,4.99,13000, 6/26/2026
BR,VS1,L,4,4.99,12000, 6/26/2026
BR,VS2,L,4,4.99,11500, 6/26/2026
BR,SI1,L,4,4.99,10500, 6/26/2026
BR,SI2,L,4,4.99,10000, 6/26/2026
BR,SI3,L,4,4.99,7300, 6/26/2026
BR,I1,L,4,4.99,5900, 6/26/2026
BR,I2,L,4,4.99,3400, 6/26/2026
BR,I3,L,4,4.99,1600, 6/26/2026
BR,IF,M,4,4.99,12500, 6/26/2026
BR,VVS1,M,4,4.99,11500, 6/26/2026
BR,VVS2,M,4,4.99,10500, 6/26/2026
BR,VS1,M,4,4.99,10000, 6/26/2026
BR,VS2,M,4,4.99,9500, 6/26/2026
BR,SI1,M,4,4.99,9000, 6/26/2026
BR,SI2,M,4,4.99,8000, 6/26/2026
BR,SI3,M,4,4.99,6500, 6/26/2026
BR,I1,M,4,4.99,5000, 6/26/2026
BR,I2,M,4,4.99,3200, 6/26/2026
BR,I3,M,4,4.99,1600, 6/26/2026
BR,IF,D,5,9.99,100000, 6/26/2026
BR,VVS1,D,5,9.99,85500, 6/26/2026
BR,VVS2,D,5,9.99,77000, 6/26/2026
BR,VS1,D,5,9.99,69000, 6/26/2026
BR,VS2,D,5,9.99,58000, 6/26/2026
BR,SI1,D,5,9.99,43000, 6/26/2026
BR,SI2,D,5,9.99,31500, 6/26/2026
BR,SI3,D,5,9.99,17500, 6/26/2026
BR,I1,D,5,9.99,12500, 6/26/2026
BR,I2,D,5,9.99,6000, 6/26/2026
BR,I3,D,5,9.99,2500, 6/26/2026
BR,IF,E,5,9.99,83500, 6/26/2026
BR,VVS1,E,5,9.99,75000, 6/26/2026
BR,VVS2,E,5,9.99,67000, 6/26/2026
BR,VS1,E,5,9.99,59500, 6/26/2026
BR,VS2,E,5,9.99,52000, 6/26/2026
BR,SI1,E,5,9.99,39500, 6/26/2026
BR,SI2,E,5,9.99,29500, 6/26/2026
BR,SI3,E,5,9.99,17000, 6/26/2026
BR,I1,E,5,9.99,12000, 6/26/2026
BR,I2,E,5,9.99,5700, 6/26/2026
BR,I3,E,5,9.99,2300, 6/26/2026
BR,IF,F,5,9.99,73000, 6/26/2026
BR,VVS1,F,5,9.99,67000, 6/26/2026
BR,VVS2,F,5,9.99,59500, 6/26/2026
BR,VS1,F,5,9.99,54000, 6/26/2026
BR,VS2,F,5,9.99,46500, 6/26/2026
BR,SI1,F,5,9.99,36000, 6/26/2026
BR,SI2,F,5,9.99,28000, 6/26/2026
BR,SI3,F,5,9.99,16000, 6/26/2026
BR,I1,F,5,9.99,11500, 6/26/2026
BR,I2,F,5,9.99,5400, 6/26/2026
BR,I3,F,5,9.99,2200, 6/26/2026
BR,IF,G,5,9.99,60500, 6/26/2026
BR,VVS1,G,5,9.99,55500, 6/26/2026
BR,VVS2,G,5,9.99,50500, 6/26/2026
BR,VS1,G,5,9.99,46000, 6/26/2026
BR,VS2,G,5,9.99,39500, 6/26/2026
BR,SI1,G,5,9.99,32000, 6/26/2026
BR,SI2,G,5,9.99,26000, 6/26/2026
BR,SI3,G,5,9.99,15000, 6/26/2026
BR,I1,G,5,9.99,11000, 6/26/2026
BR,I2,G,5,9.99,5100, 6/26/2026
BR,I3,G,5,9.99,2100, 6/26/2026
BR,IF,H,5,9.99,48000, 6/26/2026
BR,VVS1,H,5,9.99,44500, 6/26/2026
BR,VVS2,H,5,9.99,40000, 6/26/2026
BR,VS1,H,5,9.99,36000, 6/26/2026
BR,VS2,H,5,9.99,32500, 6/26/2026
BR,SI1,H,5,9.99,26500, 6/26/2026
BR,SI2,H,5,9.99,22500, 6/26/2026
BR,SI3,H,5,9.99,14000, 6/26/2026
BR,I1,H,5,9.99,10000, 6/26/2026
BR,I2,H,5,9.99,4800, 6/26/2026
BR,I3,H,5,9.99,2100, 6/26/2026
BR,IF,I,5,9.99,36500, 6/26/2026
BR,VVS1,I,5,9.99,34500, 6/26/2026
BR,VVS2,I,5,9.99,31500, 6/26/2026
BR,VS1,I,5,9.99,29000, 6/26/2026
BR,VS2,I,5,9.99,25500, 6/26/2026
BR,SI1,I,5,9.99,22500, 6/26/2026
BR,SI2,I,5,9.99,19500, 6/26/2026
BR,SI3,I,5,9.99,13000, 6/26/2026
BR,I1,I,5,9.99,9500, 6/26/2026
BR,I2,I,5,9.99,4600, 6/26/2026
BR,I3,I,5,9.99,2000, 6/26/2026
BR,IF,J,5,9.99,28000, 6/26/2026
BR,VVS1,J,5,9.99,26000, 6/26/2026
BR,VVS2,J,5,9.99,24000, 6/26/2026
BR,VS1,J,5,9.99,22000, 6/26/2026
BR,VS2,J,5,9.99,20500, 6/26/2026
BR,SI1,J,5,9.99,19500, 6/26/2026
BR,SI2,J,5,9.99,17000, 6/26/2026
BR,SI3,J,5,9.99,12000, 6/26/2026
BR,I1,J,5,9.99,8800, 6/26/2026
BR,I2,J,5,9.99,4300, 6/26/2026
BR,I3,J,5,9.99,1900, 6/26/2026
BR,IF,K,5,9.99,22000, 6/26/2026
BR,VVS1,K,5,9.99,21000, 6/26/2026
BR,VVS2,K,5,9.99,19500, 6/26/2026
BR,VS1,K,5,9.99,18000, 6/26/2026
BR,VS2,K,5,9.99,17000, 6/26/2026
BR,SI1,K,5,9.99,16500, 6/26/2026
BR,SI2,K,5,9.99,15000, 6/26/2026
BR,SI3,K,5,9.99,11000, 6/26/2026
BR,I1,K,5,9.99,8100, 6/26/2026
BR,I2,K,5,9.99,4100, 6/26/2026
BR,I3,K,5,9.99,1800, 6/26/2026
BR,IF,L,5,9.99,18000, 6/26/2026
BR,VVS1,L,5,9.99,16500, 6/26/2026
BR,VVS2,L,5,9.99,15500, 6/26/2026
BR,VS1,L,5,9.99,15000, 6/26/2026
BR,VS2,L,5,9.99,14000, 6/26/2026
BR,SI1,L,5,9.99,13500, 6/26/2026
BR,SI2,L,5,9.99,12500, 6/26/2026
BR,SI3,L,5,9.99,10000, 6/26/2026
BR,I1,L,5,9.99,6900, 6/26/2026
BR,I2,L,5,9.99,3700, 6/26/2026
BR,I3,L,5,9.99,1700, 6/26/2026
BR,IF,M,5,9.99,15000, 6/26/2026
BR,VVS1,M,5,9.99,14000, 6/26/2026
BR,VVS2,M,5,9.99,13000, 6/26/2026
BR,VS1,M,5,9.99,12500, 6/26/2026
BR,VS2,M,5,9.99,12000, 6/26/2026
BR,SI1,M,5,9.99,11000, 6/26/2026
BR,SI2,M,5,9.99,10000, 6/26/2026
BR,SI3,M,5,9.99,8000, 6/26/2026
BR,I1,M,5,9.99,6000, 6/26/2026
BR,I2,M,5,9.99,3400, 6/26/2026
BR,I3,M,5,9.99,1600, 6/26/2026
BR,IF,D,10,99,140000, 6/26/2026
BR,VVS1,D,10,99,130000, 6/26/2026
BR,VVS2,D,10,99,120000, 6/26/2026
BR,VS1,D,10,99,107000, 6/26/2026
BR,VS2,D,10,99,90000, 6/26/2026
BR,SI1,D,10,99,63500, 6/26/2026
BR,SI2,D,10,99,46500, 6/26/2026
BR,SI3,D,10,99,25000, 6/26/2026
BR,I1,D,10,99,14000, 6/26/2026
BR,I2,D,10,99,6600, 6/26/2026
BR,I3,D,10,99,2700, 6/26/2026
BR,IF,E,10,99,127000, 6/26/2026
BR,VVS1,E,10,99,116000, 6/26/2026
BR,VVS2,E,10,99,103000, 6/26/2026
BR,VS1,E,10,99,93000, 6/26/2026
BR,VS2,E,10,99,82000, 6/26/2026
BR,SI1,E,10,99,58500, 6/26/2026
BR,SI2,E,10,99,43000, 6/26/2026
BR,SI3,E,10,99,23500, 6/26/2026
BR,I1,E,10,99,13500, 6/26/2026
BR,I2,E,10,99,6300, 6/26/2026
BR,I3,E,10,99,2600, 6/26/2026
BR,IF,F,10,99,111000, 6/26/2026
BR,VVS1,F,10,99,104000, 6/26/2026
BR,VVS2,F,10,99,93000, 6/26/2026
BR,VS1,F,10,99,83500, 6/26/2026
BR,VS2,F,10,99,71500, 6/26/2026
BR,SI1,F,10,99,53500, 6/26/2026
BR,SI2,F,10,99,40000, 6/26/2026
BR,SI3,F,10,99,22000, 6/26/2026
BR,I1,F,10,99,13000, 6/26/2026
BR,I2,F,10,99,6000, 6/26/2026
BR,I3,F,10,99,2500, 6/26/2026
BR,IF,G,10,99,93000, 6/26/2026
BR,VVS1,G,10,99,86500, 6/26/2026
BR,VVS2,G,10,99,78500, 6/26/2026
BR,VS1,G,10,99,71500, 6/26/2026
BR,VS2,G,10,99,61000, 6/26/2026
BR,SI1,G,10,99,48500, 6/26/2026
BR,SI2,G,10,99,37000, 6/26/2026
BR,SI3,G,10,99,20500, 6/26/2026
BR,I1,G,10,99,12500, 6/26/2026
BR,I2,G,10,99,5700, 6/26/2026
BR,I3,G,10,99,2400, 6/26/2026
BR,IF,H,10,99,75000, 6/26/2026
BR,VVS1,H,10,99,69500, 6/26/2026
BR,VVS2,H,10,99,63000, 6/26/2026
BR,VS1,H,10,99,56500, 6/26/2026
BR,VS2,H,10,99,50000, 6/26/2026
BR,SI1,H,10,99,40500, 6/26/2026
BR,SI2,H,10,99,32500, 6/26/2026
BR,SI3,H,10,99,18500, 6/26/2026
BR,I1,H,10,99,12000, 6/26/2026
BR,I2,H,10,99,5500, 6/26/2026
BR,I3,H,10,99,2300, 6/26/2026
BR,IF,I,10,99,57000, 6/26/2026
BR,VVS1,I,10,99,53500, 6/26/2026
BR,VVS2,I,10,99,49500, 6/26/2026
BR,VS1,I,10,99,46000, 6/26/2026
BR,VS2,I,10,99,40500, 6/26/2026
BR,SI1,I,10,99,34000, 6/26/2026
BR,SI2,I,10,99,27500, 6/26/2026
BR,SI3,I,10,99,17000, 6/26/2026
BR,I1,I,10,99,11500, 6/26/2026
BR,I2,I,10,99,5200, 6/26/2026
BR,I3,I,10,99,2200, 6/26/2026
BR,IF,J,10,99,44000, 6/26/2026
BR,VVS1,J,10,99,40500, 6/26/2026
BR,VVS2,J,10,99,37500, 6/26/2026
BR,VS1,J,10,99,35000, 6/26/2026
BR,VS2,J,10,99,32500, 6/26/2026
BR,SI1,J,10,99,28500, 6/26/2026
BR,SI2,J,10,99,23500, 6/26/2026
BR,SI3,J,10,99,15000, 6/26/2026
BR,I1,J,10,99,11000, 6/26/2026
BR,I2,J,10,99,4900, 6/26/2026
BR,I3,J,10,99,2100, 6/26/2026
BR,IF,K,10,99,34500, 6/26/2026
BR,VVS1,K,10,99,32500, 6/26/2026
BR,VVS2,K,10,99,30000, 6/26/2026
BR,VS1,K,10,99,27500, 6/26/2026
BR,VS2,K,10,99,25500, 6/26/2026
BR,SI1,K,10,99,23500, 6/26/2026
BR,SI2,K,10,99,20000, 6/26/2026
BR,SI3,K,10,99,13500, 6/26/2026
BR,I1,K,10,99,10000, 6/26/2026
BR,I2,K,10,99,4700, 6/26/2026
BR,I3,K,10,99,2000, 6/26/2026
BR,IF,L,10,99,27000, 6/26/2026
BR,VVS1,L,10,99,25500, 6/26/2026
BR,VVS2,L,10,99,24000, 6/26/2026
BR,VS1,L,10,99,22500, 6/26/2026
BR,VS2,L,10,99,21000, 6/26/2026
BR,SI1,L,10,99,19500, 6/26/2026
BR,SI2,L,10,99,16500, 6/26/2026
BR,SI3,L,10,99,12000, 6/26/2026
BR,I1,L,10,99,8500, 6/26/2026
BR,I2,L,10,99,4500, 6/26/2026
BR,I3,L,10,99,1900, 6/26/2026
BR,IF,M,10,99,22500, 6/26/2026
BR,VVS1,M,10,99,21000, 6/26/2026
BR,VVS2,M,10,99,19500, 6/26/2026
BR,VS1,M,10,99,18500, 6/26/2026
BR,VS2,M,10,99,17500, 6/26/2026
BR,SI1,M,10,99,16500, 6/26/2026
BR,SI2,M,10,99,14000, 6/26/2026
BR,SI3,M,10,99,10500, 6/26/2026
BR,I1,M,10,99,7500, 6/26/2026
BR,I2,M,10,99,4300, 6/26/2026
BR,I3,M,10,99,1800, 6/26/2026
BR,IF,N,0.3,0.39,900, 6/26/2026
BR,VVS1,N,0.3,0.39,800, 6/26/2026
BR,VVS2,N,0.3,0.39,800, 6/26/2026
BR,VS1,N,0.3,0.39,700, 6/26/2026
BR,VS2,N,0.3,0.39,700, 6/26/2026
BR,SI1,N,0.3,0.39,700, 6/26/2026
BR,SI2,N,0.3,0.39,600, 6/26/2026
BR,SI3,N,0.3,0.39,500, 6/26/2026
BR,I1,N,0.3,0.39,500, 6/26/2026
BR,I2,N,0.3,0.39,400, 6/26/2026
BR,I3,N,0.3,0.39,300, 6/26/2026
BR,IF,N,0.4,0.49,1100, 6/26/2026
BR,VVS1,N,0.4,0.49,1000, 6/26/2026
BR,VVS2,N,0.4,0.49,900, 6/26/2026
BR,VS1,N,0.4,0.49,800, 6/26/2026
BR,VS2,N,0.4,0.49,800, 6/26/2026
BR,SI1,N,0.4,0.49,800, 6/26/2026
BR,SI2,N,0.4,0.49,700, 6/26/2026
BR,SI3,N,0.4,0.49,600, 6/26/2026
BR,I1,N,0.4,0.49,500, 6/26/2026
BR,I2,N,0.4,0.49,500, 6/26/2026
BR,I3,N,0.4,0.49,400, 6/26/2026
BR,IF,N,0.5,0.69,1300, 6/26/2026
BR,VVS1,N,0.5,0.69,1200, 6/26/2026
BR,VVS2,N,0.5,0.69,1100, 6/26/2026
BR,VS1,N,0.5,0.69,1000, 6/26/2026
BR,VS2,N,0.5,0.69,900, 6/26/2026
BR,SI1,N,0.5,0.69,900, 6/26/2026
BR,SI2,N,0.5,0.69,800, 6/26/2026
BR,SI3,N,0.5,0.69,800, 6/26/2026
BR,I1,N,0.5,0.69,800, 6/26/2026
BR,I2,N,0.5,0.69,600, 6/26/2026
BR,I3,N,0.5,0.69,500, 6/26/2026
BR,IF,N,0.7,0.89,1600, 6/26/2026
BR,VVS1,N,0.7,0.89,1400, 6/26/2026
BR,VVS2,N,0.7,0.89,1300, 6/26/2026
BR,VS1,N,0.7,0.89,1200, 6/26/2026
BR,VS2,N,0.7,0.89,1100, 6/26/2026
BR,SI1,N,0.7,0.89,1100, 6/26/2026
BR,SI2,N,0.7,0.89,1000, 6/26/2026
BR,SI3,N,0.7,0.89,1000, 6/26/2026
BR,I1,N,0.7,0.89,1000, 6/26/2026
BR,I2,N,0.7,0.89,700, 6/26/2026
BR,I3,N,0.7,0.89,600, 6/26/2026
BR,IF,N,0.9,0.99,2300, 6/26/2026
BR,VVS1,N,0.9,0.99,2000, 6/26/2026
BR,VVS2,N,0.9,0.99,1800, 6/26/2026
BR,VS1,N,0.9,0.99,1700, 6/26/2026
BR,VS2,N,0.9,0.99,1600, 6/26/2026
BR,SI1,N,0.9,0.99,1500, 6/26/2026
BR,SI2,N,0.9,0.99,1400, 6/26/2026
BR,SI3,N,0.9,0.99,1400, 6/26/2026
BR,I1,N,0.9,0.99,1300, 6/26/2026
BR,I2,N,0.9,0.99,1000, 6/26/2026
BR,I3,N,0.9,0.99,700, 6/26/2026
BR,IF,N,1,1.49,2500, 6/26/2026
BR,VVS1,N,1,1.49,2300, 6/26/2026
BR,VVS2,N,1,1.49,2200, 6/26/2026
BR,VS1,N,1,1.49,2100, 6/26/2026
BR,VS2,N,1,1.49,1900, 6/26/2026
BR,SI1,N,1,1.49,1700, 6/26/2026
BR,SI2,N,1,1.49,1600, 6/26/2026
BR,SI3,N,1,1.49,1500, 6/26/2026
BR,I1,N,1,1.49,1400, 6/26/2026
BR,I2,N,1,1.49,1400, 6/26/2026
BR,I3,N,1,1.49,1000, 6/26/2026
BR,IF,N,1.5,1.99,4400, 6/26/2026
BR,VVS1,N,1.5,1.99,3900, 6/26/2026
BR,VVS2,N,1.5,1.99,3700, 6/26/2026
BR,VS1,N,1.5,1.99,3400, 6/26/2026
BR,VS2,N,1.5,1.99,3200, 6/26/2026
BR,SI1,N,1.5,1.99,3000, 6/26/2026
BR,SI2,N,1.5,1.99,2900, 6/26/2026
BR,SI3,N,1.5,1.99,2700, 6/26/2026
BR,I1,N,1.5,1.99,2600, 6/26/2026
BR,I2,N,1.5,1.99,2100, 6/26/2026
BR,I3,N,1.5,1.99,1200, 6/26/2026
BR,IF,N,2,2.99,6800, 6/26/2026
BR,VVS1,N,2,2.99,6300, 6/26/2026
BR,VVS2,N,2,2.99,5700, 6/26/2026
BR,VS1,N,2,2.99,5400, 6/26/2026
BR,VS2,N,2,2.99,4800, 6/26/2026
BR,SI1,N,2,2.99,4500, 6/26/2026
BR,SI2,N,2,2.99,4200, 6/26/2026
BR,SI3,N,2,2.99,4000, 6/26/2026
BR,I1,N,2,2.99,3800, 6/26/2026
BR,I2,N,2,2.99,2600, 6/26/2026
BR,I3,N,2,2.99,1300, 6/26/2026
BR,IF,N,3,3.99,9500, 6/26/2026
BR,VVS1,N,3,3.99,9100, 6/26/2026
BR,VVS2,N,3,3.99,8700, 6/26/2026
BR,VS1,N,3,3.99,8300, 6/26/2026
BR,VS2,N,3,3.99,7900, 6/26/2026
BR,SI1,N,3,3.99,7500, 6/26/2026
BR,SI2,N,3,3.99,6700, 6/26/2026
BR,SI3,N,3,3.99,5800, 6/26/2026
BR,I1,N,3,3.99,4700, 6/26/2026
BR,I2,N,3,3.99,3000, 6/26/2026
BR,I3,N,3,3.99,1400, 6/26/2026
BR,IF,N,4,4.99,12500, 6/26/2026
BR,VVS1,N,4,4.99,11500, 6/26/2026
BR,VVS2,N,4,4.99,10500, 6/26/2026
BR,VS1,N,4,4.99,10000, 6/26/2026
BR,VS2,N,4,4.99,9500, 6/26/2026
BR,SI1,N,4,4.99,9000, 6/26/2026
BR,SI2,N,4,4.99,8000, 6/26/2026
BR,SI3,N,4,4.99,6500, 6/26/2026
BR,I1,N,4,4.99,5000, 6/26/2026
BR,I2,N,4,4.99,3200, 6/26/2026
BR,I3,N,4,4.99,1600, 6/26/2026
BR,IF,N,5,9.99,15000, 6/26/2026
BR,VVS1,N,5,9.99,14000, 6/26/2026
BR,VVS2,N,5,9.99,13000, 6/26/2026
BR,VS1,N,5,9.99,12500, 6/26/2026
BR,VS2,N,5,9.99,12000, 6/26/2026
BR,SI1,N,5,9.99,11000, 6/26/2026
BR,SI2,N,5,9.99,10000, 6/26/2026
BR,SI3,N,5,9.99,8000, 6/26/2026
BR,I1,N,5,9.99,6000, 6/26/2026
BR,I2,N,5,9.99,3400, 6/26/2026
BR,I3,N,5,9.99,1600, 6/26/2026
BR,IF,N,10,99,22500, 6/26/2026
BR,VVS1,N,10,99,21000, 6/26/2026
BR,VVS2,N,10,99,19500, 6/26/2026
BR,VS1,N,10,99,18500, 6/26/2026
BR,VS2,N,10,99,17500, 6/26/2026
BR,SI1,N,10,99,16500, 6/26/2026
BR,SI2,N,10,99,14000, 6/26/2026
BR,SI3,N,10,99,10500, 6/26/2026
BR,I1,N,10,99,7500, 6/26/2026
BR,I2,N,10,99,4300, 6/26/2026
BR,I3,N,10,99,1800, 6/26/2026
BR,IF,O-P,0.3,0.39,900, 6/26/2026
BR,VVS1,O-P,0.3,0.39,800, 6/26/2026
BR,VVS2,O-P,0.3,0.39,800, 6/26/2026
BR,VS1,O-P,0.3,0.39,700, 6/26/2026
BR,VS2,O-P,0.3,0.39,700, 6/26/2026
BR,SI1,O-P,0.3,0.39,700, 6/26/2026
BR,SI2,O-P,0.3,0.39,600, 6/26/2026
BR,SI3,O-P,0.3,0.39,500, 6/26/2026
BR,I1,O-P,0.3,0.39,500, 6/26/2026
BR,I2,O-P,0.3,0.39,400, 6/26/2026
BR,I3,O-P,0.3,0.39,300, 6/26/2026
BR,IF,O-P,0.4,0.49,1100, 6/26/2026
BR,VVS1,O-P,0.4,0.49,1000, 6/26/2026
BR,VVS2,O-P,0.4,0.49,900, 6/26/2026
BR,VS1,O-P,0.4,0.49,800, 6/26/2026
BR,VS2,O-P,0.4,0.49,800, 6/26/2026
BR,SI1,O-P,0.4,0.49,800, 6/26/2026
BR,SI2,O-P,0.4,0.49,700, 6/26/2026
BR,SI3,O-P,0.4,0.49,600, 6/26/2026
BR,I1,O-P,0.4,0.49,500, 6/26/2026
BR,I2,O-P,0.4,0.49,500, 6/26/2026
BR,I3,O-P,0.4,0.49,400, 6/26/2026
BR,IF,O-P,0.5,0.69,1300, 6/26/2026
BR,VVS1,O-P,0.5,0.69,1200, 6/26/2026
BR,VVS2,O-P,0.5,0.69,1100, 6/26/2026
BR,VS1,O-P,0.5,0.69,1000, 6/26/2026
BR,VS2,O-P,0.5,0.69,900, 6/26/2026
BR,SI1,O-P,0.5,0.69,900, 6/26/2026
BR,SI2,O-P,0.5,0.69,800, 6/26/2026
BR,SI3,O-P,0.5,0.69,800, 6/26/2026
BR,I1,O-P,0.5,0.69,800, 6/26/2026
BR,I2,O-P,0.5,0.69,600, 6/26/2026
BR,I3,O-P,0.5,0.69,500, 6/26/2026
BR,IF,O-P,0.7,0.89,1600, 6/26/2026
BR,VVS1,O-P,0.7,0.89,1400, 6/26/2026
BR,VVS2,O-P,0.7,0.89,1300, 6/26/2026
BR,VS1,O-P,0.7,0.89,1200, 6/26/2026
BR,VS2,O-P,0.7,0.89,1100, 6/26/2026
BR,SI1,O-P,0.7,0.89,1100, 6/26/2026
BR,SI2,O-P,0.7,0.89,1000, 6/26/2026
BR,SI3,O-P,0.7,0.89,1000, 6/26/2026
BR,I1,O-P,0.7,0.89,1000, 6/26/2026
BR,I2,O-P,0.7,0.89,700, 6/26/2026
BR,I3,O-P,0.7,0.89,600, 6/26/2026
BR,IF,O-P,0.9,0.99,2300, 6/26/2026
BR,VVS1,O-P,0.9,0.99,2000, 6/26/2026
BR,VVS2,O-P,0.9,0.99,1800, 6/26/2026
BR,VS1,O-P,0.9,0.99,1700, 6/26/2026
BR,VS2,O-P,0.9,0.99,1600, 6/26/2026
BR,SI1,O-P,0.9,0.99,1500, 6/26/2026
BR,SI2,O-P,0.9,0.99,1400, 6/26/2026
BR,SI3,O-P,0.9,0.99,1400, 6/26/2026
BR,I1,O-P,0.9,0.99,1300, 6/26/2026
BR,I2,O-P,0.9,0.99,1000, 6/26/2026
BR,I3,O-P,0.9,0.99,700, 6/26/2026
BR,IF,O-P,1,1.49,2500, 6/26/2026
BR,VVS1,O-P,1,1.49,2300, 6/26/2026
BR,VVS2,O-P,1,1.49,2200, 6/26/2026
BR,VS1,O-P,1,1.49,2100, 6/26/2026
BR,VS2,O-P,1,1.49,1900, 6/26/2026
BR,SI1,O-P,1,1.49,1700, 6/26/2026
BR,SI2,O-P,1,1.49,1600, 6/26/2026
BR,SI3,O-P,1,1.49,1500, 6/26/2026
BR,I1,O-P,1,1.49,1400, 6/26/2026
BR,I2,O-P,1,1.49,1400, 6/26/2026
BR,I3,O-P,1,1.49,1000, 6/26/2026
BR,IF,O-P,1.5,1.99,4400, 6/26/2026
BR,VVS1,O-P,1.5,1.99,3900, 6/26/2026
BR,VVS2,O-P,1.5,1.99,3700, 6/26/2026
BR,VS1,O-P,1.5,1.99,3400, 6/26/2026
BR,VS2,O-P,1.5,1.99,3200, 6/26/2026
BR,SI1,O-P,1.5,1.99,3000, 6/26/2026
BR,SI2,O-P,1.5,1.99,2900, 6/26/2026
BR,SI3,O-P,1.5,1.99,2700, 6/26/2026
BR,I1,O-P,1.5,1.99,2600, 6/26/2026
BR,I2,O-P,1.5,1.99,2100, 6/26/2026
BR,I3,O-P,1.5,1.99,1200, 6/26/2026
BR,IF,O-P,2,2.99,6800, 6/26/2026
BR,VVS1,O-P,2,2.99,6300, 6/26/2026
BR,VVS2,O-P,2,2.99,5700, 6/26/2026
BR,VS1,O-P,2,2.99,5400, 6/26/2026
BR,VS2,O-P,2,2.99,4800, 6/26/2026
BR,SI1,O-P,2,2.99,4500, 6/26/2026
BR,SI2,O-P,2,2.99,4200, 6/26/2026
BR,SI3,O-P,2,2.99,4000, 6/26/2026
BR,I1,O-P,2,2.99,3800, 6/26/2026
BR,I2,O-P,2,2.99,2600, 6/26/2026
BR,I3,O-P,2,2.99,1300, 6/26/2026
BR,IF,O-P,3,3.99,9500, 6/26/2026
BR,VVS1,O-P,3,3.99,9100, 6/26/2026
BR,VVS2,O-P,3,3.99,8700, 6/26/2026
BR,VS1,O-P,3,3.99,8300, 6/26/2026
BR,VS2,O-P,3,3.99,7900, 6/26/2026
BR,SI1,O-P,3,3.99,7500, 6/26/2026
BR,SI2,O-P,3,3.99,6700, 6/26/2026
BR,SI3,O-P,3,3.99,5800, 6/26/2026
BR,I1,O-P,3,3.99,4700, 6/26/2026
BR,I2,O-P,3,3.99,3000, 6/26/2026
BR,I3,O-P,3,3.99,1400, 6/26/2026
BR,IF,O-P,4,4.99,12500, 6/26/2026
BR,VVS1,O-P,4,4.99,11500, 6/26/2026
BR,VVS2,O-P,4,4.99,10500, 6/26/2026
BR,VS1,O-P,4,4.99,10000, 6/26/2026
BR,VS2,O-P,4,4.99,9500, 6/26/2026
BR,SI1,O-P,4,4.99,9000, 6/26/2026
BR,SI2,O-P,4,4.99,8000, 6/26/2026
BR,SI3,O-P,4,4.99,6500, 6/26/2026
BR,I1,O-P,4,4.99,5000, 6/26/2026
BR,I2,O-P,4,4.99,3200, 6/26/2026
BR,I3,O-P,4,4.99,1600, 6/26/2026
BR,IF,O-P,5,9.99,15000, 6/26/2026
BR,VVS1,O-P,5,9.99,14000, 6/26/2026
BR,VVS2,O-P,5,9.99,13000, 6/26/2026
BR,VS1,O-P,5,9.99,12500, 6/26/2026
BR,VS2,O-P,5,9.99,12000, 6/26/2026
BR,SI1,O-P,5,9.99,11000, 6/26/2026
BR,SI2,O-P,5,9.99,10000, 6/26/2026
BR,SI3,O-P,5,9.99,8000, 6/26/2026
BR,I1,O-P,5,9.99,6000, 6/26/2026
BR,I2,O-P,5,9.99,3400, 6/26/2026
BR,I3,O-P,5,9.99,1600, 6/26/2026
BR,IF,O-P,10,99,22500, 6/26/2026
BR,VVS1,O-P,10,99,21000, 6/26/2026
BR,VVS2,O-P,10,99,19500, 6/26/2026
BR,VS1,O-P,10,99,18500, 6/26/2026
BR,VS2,O-P,10,99,17500, 6/26/2026
BR,SI1,O-P,10,99,16500, 6/26/2026
BR,SI2,O-P,10,99,14000, 6/26/2026
BR,SI3,O-P,10,99,10500, 6/26/2026
BR,I1,O-P,10,99,7500, 6/26/2026
BR,I2,O-P,10,99,4300, 6/26/2026
BR,I3,O-P,10,99,1800, 6/26/2026
BR,IF,Q-R,0.3,0.39,900, 6/26/2026
BR,VVS1,Q-R,0.3,0.39,800, 6/26/2026
BR,VVS2,Q-R,0.3,0.39,800, 6/26/2026
BR,VS1,Q-R,0.3,0.39,700, 6/26/2026
BR,VS2,Q-R,0.3,0.39,700, 6/26/2026
BR,SI1,Q-R,0.3,0.39,700, 6/26/2026
BR,SI2,Q-R,0.3,0.39,600, 6/26/2026
BR,SI3,Q-R,0.3,0.39,500, 6/26/2026
BR,I1,Q-R,0.3,0.39,500, 6/26/2026
BR,I2,Q-R,0.3,0.39,400, 6/26/2026
BR,I3,Q-R,0.3,0.39,300, 6/26/2026
BR,IF,Q-R,0.4,0.49,1100, 6/26/2026
BR,VVS1,Q-R,0.4,0.49,1000, 6/26/2026
BR,VVS2,Q-R,0.4,0.49,900, 6/26/2026
BR,VS1,Q-R,0.4,0.49,800, 6/26/2026
BR,VS2,Q-R,0.4,0.49,800, 6/26/2026
BR,SI1,Q-R,0.4,0.49,800, 6/26/2026
BR,SI2,Q-R,0.4,0.49,700, 6/26/2026
BR,SI3,Q-R,0.4,0.49,600, 6/26/2026
BR,I1,Q-R,0.4,0.49,500, 6/26/2026
BR,I2,Q-R,0.4,0.49,500, 6/26/2026
BR,I3,Q-R,0.4,0.49,400, 6/26/2026
BR,IF,Q-R,0.5,0.69,1300, 6/26/2026
BR,VVS1,Q-R,0.5,0.69,1200, 6/26/2026
BR,VVS2,Q-R,0.5,0.69,1100, 6/26/2026
BR,VS1,Q-R,0.5,0.69,1000, 6/26/2026
BR,VS2,Q-R,0.5,0.69,900, 6/26/2026
BR,SI1,Q-R,0.5,0.69,900, 6/26/2026
BR,SI2,Q-R,0.5,0.69,800, 6/26/2026
BR,SI3,Q-R,0.5,0.69,800, 6/26/2026
BR,I1,Q-R,0.5,0.69,800, 6/26/2026
BR,I2,Q-R,0.5,0.69,600, 6/26/2026
BR,I3,Q-R,0.5,0.69,500, 6/26/2026
BR,IF,Q-R,0.7,0.89,1600, 6/26/2026
BR,VVS1,Q-R,0.7,0.89,1400, 6/26/2026
BR,VVS2,Q-R,0.7,0.89,1300, 6/26/2026
BR,VS1,Q-R,0.7,0.89,1200, 6/26/2026
BR,VS2,Q-R,0.7,0.89,1100, 6/26/2026
BR,SI1,Q-R,0.7,0.89,1100, 6/26/2026
BR,SI2,Q-R,0.7,0.89,1000, 6/26/2026
BR,SI3,Q-R,0.7,0.89,1000, 6/26/2026
BR,I1,Q-R,0.7,0.89,1000, 6/26/2026
BR,I2,Q-R,0.7,0.89,700, 6/26/2026
BR,I3,Q-R,0.7,0.89,600, 6/26/2026
BR,IF,Q-R,0.9,0.99,2300, 6/26/2026
BR,VVS1,Q-R,0.9,0.99,2000, 6/26/2026
BR,VVS2,Q-R,0.9,0.99,1800, 6/26/2026
BR,VS1,Q-R,0.9,0.99,1700, 6/26/2026
BR,VS2,Q-R,0.9,0.99,1600, 6/26/2026
BR,SI1,Q-R,0.9,0.99,1500, 6/26/2026
BR,SI2,Q-R,0.9,0.99,1400, 6/26/2026
BR,SI3,Q-R,0.9,0.99,1400, 6/26/2026
BR,I1,Q-R,0.9,0.99,1300, 6/26/2026
BR,I2,Q-R,0.9,0.99,1000, 6/26/2026
BR,I3,Q-R,0.9,0.99,700, 6/26/2026
BR,IF,Q-R,1,1.49,2500, 6/26/2026
BR,VVS1,Q-R,1,1.49,2300, 6/26/2026
BR,VVS2,Q-R,1,1.49,2200, 6/26/2026
BR,VS1,Q-R,1,1.49,2100, 6/26/2026
BR,VS2,Q-R,1,1.49,1900, 6/26/2026
BR,SI1,Q-R,1,1.49,1700, 6/26/2026
BR,SI2,Q-R,1,1.49,1600, 6/26/2026
BR,SI3,Q-R,1,1.49,1500, 6/26/2026
BR,I1,Q-R,1,1.49,1400, 6/26/2026
BR,I2,Q-R,1,1.49,1400, 6/26/2026
BR,I3,Q-R,1,1.49,1000, 6/26/2026
BR,IF,Q-R,1.5,1.99,4400, 6/26/2026
BR,VVS1,Q-R,1.5,1.99,3900, 6/26/2026
BR,VVS2,Q-R,1.5,1.99,3700, 6/26/2026
BR,VS1,Q-R,1.5,1.99,3400, 6/26/2026
BR,VS2,Q-R,1.5,1.99,3200, 6/26/2026
BR,SI1,Q-R,1.5,1.99,3000, 6/26/2026
BR,SI2,Q-R,1.5,1.99,2900, 6/26/2026
BR,SI3,Q-R,1.5,1.99,2700, 6/26/2026
BR,I1,Q-R,1.5,1.99,2600, 6/26/2026
BR,I2,Q-R,1.5,1.99,2100, 6/26/2026
BR,I3,Q-R,1.5,1.99,1200, 6/26/2026
BR,IF,Q-R,2,2.99,6800, 6/26/2026
BR,VVS1,Q-R,2,2.99,6300, 6/26/2026
BR,VVS2,Q-R,2,2.99,5700, 6/26/2026
BR,VS1,Q-R,2,2.99,5400, 6/26/2026
BR,VS2,Q-R,2,2.99,4800, 6/26/2026
BR,SI1,Q-R,2,2.99,4500, 6/26/2026
BR,SI2,Q-R,2,2.99,4200, 6/26/2026
BR,SI3,Q-R,2,2.99,4000, 6/26/2026
BR,I1,Q-R,2,2.99,3800, 6/26/2026
BR,I2,Q-R,2,2.99,2600, 6/26/2026
BR,I3,Q-R,2,2.99,1300, 6/26/2026
BR,IF,Q-R,3,3.99,9500, 6/26/2026
BR,VVS1,Q-R,3,3.99,9100, 6/26/2026
BR,VVS2,Q-R,3,3.99,8700, 6/26/2026
BR,VS1,Q-R,3,3.99,8300, 6/26/2026
BR,VS2,Q-R,3,3.99,7900, 6/26/2026
BR,SI1,Q-R,3,3.99,7500, 6/26/2026
BR,SI2,Q-R,3,3.99,6700, 6/26/2026
BR,SI3,Q-R,3,3.99,5800, 6/26/2026
BR,I1,Q-R,3,3.99,4700, 6/26/2026
BR,I2,Q-R,3,3.99,3000, 6/26/2026
BR,I3,Q-R,3,3.99,1400, 6/26/2026
BR,IF,Q-R,4,4.99,12500, 6/26/2026
BR,VVS1,Q-R,4,4.99,11500, 6/26/2026
BR,VVS2,Q-R,4,4.99,10500, 6/26/2026
BR,VS1,Q-R,4,4.99,10000, 6/26/2026
BR,VS2,Q-R,4,4.99,9500, 6/26/2026
BR,SI1,Q-R,4,4.99,9000, 6/26/2026
BR,SI2,Q-R,4,4.99,8000, 6/26/2026
BR,SI3,Q-R,4,4.99,6500, 6/26/2026
BR,I1,Q-R,4,4.99,5000, 6/26/2026
BR,I2,Q-R,4,4.99,3200, 6/26/2026
BR,I3,Q-R,4,4.99,1600, 6/26/2026
BR,IF,Q-R,5,9.99,15000, 6/26/2026
BR,VVS1,Q-R,5,9.99,14000, 6/26/2026
BR,VVS2,Q-R,5,9.99,13000, 6/26/2026
BR,VS1,Q-R,5,9.99,12500, 6/26/2026
BR,VS2,Q-R,5,9.99,12000, 6/26/2026
BR,SI1,Q-R,5,9.99,11000, 6/26/2026
BR,SI2,Q-R,5,9.99,10000, 6/26/2026
BR,SI3,Q-R,5,9.99,8000, 6/26/2026
BR,I1,Q-R,5,9.99,6000, 6/26/2026
BR,I2,Q-R,5,9.99,3400, 6/26/2026
BR,I3,Q-R,5,9.99,1600, 6/26/2026
BR,IF,Q-R,10,99,22500, 6/26/2026
BR,VVS1,Q-R,10,99,21000, 6/26/2026
BR,VVS2,Q-R,10,99,19500, 6/26/2026
BR,VS1,Q-R,10,99,18500, 6/26/2026
BR,VS2,Q-R,10,99,17500, 6/26/2026
BR,SI1,Q-R,10,99,16500, 6/26/2026
BR,SI2,Q-R,10,99,14000, 6/26/2026
BR,SI3,Q-R,10,99,10500, 6/26/2026
BR,I1,Q-R,10,99,7500, 6/26/2026
BR,I2,Q-R,10,99,4300, 6/26/2026
BR,I3,Q-R,10,99,1800, 6/26/2026
BR,IF,S-T,0.3,0.39,900, 6/26/2026
BR,VVS1,S-T,0.3,0.39,800, 6/26/2026
BR,VVS2,S-T,0.3,0.39,800, 6/26/2026
BR,VS1,S-T,0.3,0.39,700, 6/26/2026
BR,VS2,S-T,0.3,0.39,700, 6/26/2026
BR,SI1,S-T,0.3,0.39,700, 6/26/2026
BR,SI2,S-T,0.3,0.39,600, 6/26/2026
BR,SI3,S-T,0.3,0.39,500, 6/26/2026
BR,I1,S-T,0.3,0.39,500, 6/26/2026
BR,I2,S-T,0.3,0.39,400, 6/26/2026
BR,I3,S-T,0.3,0.39,300, 6/26/2026
BR,IF,S-T,0.4,0.49,1100, 6/26/2026
BR,VVS1,S-T,0.4,0.49,1000, 6/26/2026
BR,VVS2,S-T,0.4,0.49,900, 6/26/2026
BR,VS1,S-T,0.4,0.49,800, 6/26/2026
BR,VS2,S-T,0.4,0.49,800, 6/26/2026
BR,SI1,S-T,0.4,0.49,800, 6/26/2026
BR,SI2,S-T,0.4,0.49,700, 6/26/2026
BR,SI3,S-T,0.4,0.49,600, 6/26/2026
BR,I1,S-T,0.4,0.49,500, 6/26/2026
BR,I2,S-T,0.4,0.49,500, 6/26/2026
BR,I3,S-T,0.4,0.49,400, 6/26/2026
BR,IF,S-T,0.5,0.69,1300, 6/26/2026
BR,VVS1,S-T,0.5,0.69,1200, 6/26/2026
BR,VVS2,S-T,0.5,0.69,1100, 6/26/2026
BR,VS1,S-T,0.5,0.69,1000, 6/26/2026
BR,VS2,S-T,0.5,0.69,900, 6/26/2026
BR,SI1,S-T,0.5,0.69,900, 6/26/2026
BR,SI2,S-T,0.5,0.69,800, 6/26/2026
BR,SI3,S-T,0.5,0.69,800, 6/26/2026
BR,I1,S-T,0.5,0.69,800, 6/26/2026
BR,I2,S-T,0.5,0.69,600, 6/26/2026
BR,I3,S-T,0.5,0.69,500, 6/26/2026
BR,IF,S-T,0.7,0.89,1600, 6/26/2026
BR,VVS1,S-T,0.7,0.89,1400, 6/26/2026
BR,VVS2,S-T,0.7,0.89,1300, 6/26/2026
BR,VS1,S-T,0.7,0.89,1200, 6/26/2026
BR,VS2,S-T,0.7,0.89,1100, 6/26/2026
BR,SI1,S-T,0.7,0.89,1100, 6/26/2026
BR,SI2,S-T,0.7,0.89,1000, 6/26/2026
BR,SI3,S-T,0.7,0.89,1000, 6/26/2026
BR,I1,S-T,0.7,0.89,1000, 6/26/2026
BR,I2,S-T,0.7,0.89,700, 6/26/2026
BR,I3,S-T,0.7,0.89,600, 6/26/2026
BR,IF,S-T,0.9,0.99,2300, 6/26/2026
BR,VVS1,S-T,0.9,0.99,2000, 6/26/2026
BR,VVS2,S-T,0.9,0.99,1800, 6/26/2026
BR,VS1,S-T,0.9,0.99,1700, 6/26/2026
BR,VS2,S-T,0.9,0.99,1600, 6/26/2026
BR,SI1,S-T,0.9,0.99,1500, 6/26/2026
BR,SI2,S-T,0.9,0.99,1400, 6/26/2026
BR,SI3,S-T,0.9,0.99,1400, 6/26/2026
BR,I1,S-T,0.9,0.99,1300, 6/26/2026
BR,I2,S-T,0.9,0.99,1000, 6/26/2026
BR,I3,S-T,0.9,0.99,700, 6/26/2026
BR,IF,S-T,1,1.49,2500, 6/26/2026
BR,VVS1,S-T,1,1.49,2300, 6/26/2026
BR,VVS2,S-T,1,1.49,2200, 6/26/2026
BR,VS1,S-T,1,1.49,2100, 6/26/2026
BR,VS2,S-T,1,1.49,1900, 6/26/2026
BR,SI1,S-T,1,1.49,1700, 6/26/2026
BR,SI2,S-T,1,1.49,1600, 6/26/2026
BR,SI3,S-T,1,1.49,1500, 6/26/2026
BR,I1,S-T,1,1.49,1400, 6/26/2026
BR,I2,S-T,1,1.49,1400, 6/26/2026
BR,I3,S-T,1,1.49,1000, 6/26/2026
BR,IF,S-T,1.5,1.99,4400, 6/26/2026
BR,VVS1,S-T,1.5,1.99,3900, 6/26/2026
BR,VVS2,S-T,1.5,1.99,3700, 6/26/2026
BR,VS1,S-T,1.5,1.99,3400, 6/26/2026
BR,VS2,S-T,1.5,1.99,3200, 6/26/2026
BR,SI1,S-T,1.5,1.99,3000, 6/26/2026
BR,SI2,S-T,1.5,1.99,2900, 6/26/2026
BR,SI3,S-T,1.5,1.99,2700, 6/26/2026
BR,I1,S-T,1.5,1.99,2600, 6/26/2026
BR,I2,S-T,1.5,1.99,2100, 6/26/2026
BR,I3,S-T,1.5,1.99,1200, 6/26/2026
BR,IF,S-T,2,2.99,6800, 6/26/2026
BR,VVS1,S-T,2,2.99,6300, 6/26/2026
BR,VVS2,S-T,2,2.99,5700, 6/26/2026
BR,VS1,S-T,2,2.99,5400, 6/26/2026
BR,VS2,S-T,2,2.99,4800, 6/26/2026
BR,SI1,S-T,2,2.99,4500, 6/26/2026
BR,SI2,S-T,2,2.99,4200, 6/26/2026
BR,SI3,S-T,2,2.99,4000, 6/26/2026
BR,I1,S-T,2,2.99,3800, 6/26/2026
BR,I2,S-T,2,2.99,2600, 6/26/2026
BR,I3,S-T,2,2.99,1300, 6/26/2026
BR,IF,S-T,3,3.99,9500, 6/26/2026
BR,VVS1,S-T,3,3.99,9100, 6/26/2026
BR,VVS2,S-T,3,3.99,8700, 6/26/2026
BR,VS1,S-T,3,3.99,8300, 6/26/2026
BR,VS2,S-T,3,3.99,7900, 6/26/2026
BR,SI1,S-T,3,3.99,7500, 6/26/2026
BR,SI2,S-T,3,3.99,6700, 6/26/2026
BR,SI3,S-T,3,3.99,5800, 6/26/2026
BR,I1,S-T,3,3.99,4700, 6/26/2026
BR,I2,S-T,3,3.99,3000, 6/26/2026
BR,I3,S-T,3,3.99,1400, 6/26/2026
BR,IF,S-T,4,4.99,12500, 6/26/2026
BR,VVS1,S-T,4,4.99,11500, 6/26/2026
BR,VVS2,S-T,4,4.99,10500, 6/26/2026
BR,VS1,S-T,4,4.99,10000, 6/26/2026
BR,VS2,S-T,4,4.99,9500, 6/26/2026
BR,SI1,S-T,4,4.99,9000, 6/26/2026
BR,SI2,S-T,4,4.99,8000, 6/26/2026
BR,SI3,S-T,4,4.99,6500, 6/26/2026
BR,I1,S-T,4,4.99,5000, 6/26/2026
BR,I2,S-T,4,4.99,3200, 6/26/2026
BR,I3,S-T,4,4.99,1600, 6/26/2026
BR,IF,S-T,5,9.99,15000, 6/26/2026
BR,VVS1,S-T,5,9.99,14000, 6/26/2026
BR,VVS2,S-T,5,9.99,13000, 6/26/2026
BR,VS1,S-T,5,9.99,12500, 6/26/2026
BR,VS2,S-T,5,9.99,12000, 6/26/2026
BR,SI1,S-T,5,9.99,11000, 6/26/2026
BR,SI2,S-T,5,9.99,10000, 6/26/2026
BR,SI3,S-T,5,9.99,8000, 6/26/2026
BR,I1,S-T,5,9.99,6000, 6/26/2026
BR,I2,S-T,5,9.99,3400, 6/26/2026
BR,I3,S-T,5,9.99,1600, 6/26/2026
BR,IF,S-T,10,99,22500, 6/26/2026
BR,VVS1,S-T,10,99,21000, 6/26/2026
BR,VVS2,S-T,10,99,19500, 6/26/2026
BR,VS1,S-T,10,99,18500, 6/26/2026
BR,VS2,S-T,10,99,17500, 6/26/2026
BR,SI1,S-T,10,99,16500, 6/26/2026
BR,SI2,S-T,10,99,14000, 6/26/2026
BR,SI3,S-T,10,99,10500, 6/26/2026
BR,I1,S-T,10,99,7500, 6/26/2026
BR,I2,S-T,10,99,4300, 6/26/2026
BR,I3,S-T,10,99,1800, 6/26/2026
BR,IF,U-V,0.3,0.39,900, 6/26/2026
BR,VVS1,U-V,0.3,0.39,800, 6/26/2026
BR,VVS2,U-V,0.3,0.39,800, 6/26/2026
BR,VS1,U-V,0.3,0.39,700, 6/26/2026
BR,VS2,U-V,0.3,0.39,700, 6/26/2026
BR,SI1,U-V,0.3,0.39,700, 6/26/2026
BR,SI2,U-V,0.3,0.39,600, 6/26/2026
BR,SI3,U-V,0.3,0.39,500, 6/26/2026
BR,I1,U-V,0.3,0.39,500, 6/26/2026
BR,I2,U-V,0.3,0.39,400, 6/26/2026
BR,I3,U-V,0.3,0.39,300, 6/26/2026
BR,IF,U-V,0.4,0.49,1100, 6/26/2026
BR,VVS1,U-V,0.4,0.49,1000, 6/26/2026
BR,VVS2,U-V,0.4,0.49,900, 6/26/2026
BR,VS1,U-V,0.4,0.49,800, 6/26/2026
BR,VS2,U-V,0.4,0.49,800, 6/26/2026
BR,SI1,U-V,0.4,0.49,800, 6/26/2026
BR,SI2,U-V,0.4,0.49,700, 6/26/2026
BR,SI3,U-V,0.4,0.49,600, 6/26/2026
BR,I1,U-V,0.4,0.49,500, 6/26/2026
BR,I2,U-V,0.4,0.49,500, 6/26/2026
BR,I3,U-V,0.4,0.49,400, 6/26/2026
BR,IF,U-V,0.5,0.69,1300, 6/26/2026
BR,VVS1,U-V,0.5,0.69,1200, 6/26/2026
BR,VVS2,U-V,0.5,0.69,1100, 6/26/2026
BR,VS1,U-V,0.5,0.69,1000, 6/26/2026
BR,VS2,U-V,0.5,0.69,900, 6/26/2026
BR,SI1,U-V,0.5,0.69,900, 6/26/2026
BR,SI2,U-V,0.5,0.69,800, 6/26/2026
BR,SI3,U-V,0.5,0.69,800, 6/26/2026
BR,I1,U-V,0.5,0.69,800, 6/26/2026
BR,I2,U-V,0.5,0.69,600, 6/26/2026
BR,I3,U-V,0.5,0.69,500, 6/26/2026
BR,IF,U-V,0.7,0.89,1600, 6/26/2026
BR,VVS1,U-V,0.7,0.89,1400, 6/26/2026
BR,VVS2,U-V,0.7,0.89,1300, 6/26/2026
BR,VS1,U-V,0.7,0.89,1200, 6/26/2026
BR,VS2,U-V,0.7,0.89,1100, 6/26/2026
BR,SI1,U-V,0.7,0.89,1100, 6/26/2026
BR,SI2,U-V,0.7,0.89,1000, 6/26/2026
BR,SI3,U-V,0.7,0.89,1000, 6/26/2026
BR,I1,U-V,0.7,0.89,1000, 6/26/2026
BR,I2,U-V,0.7,0.89,700, 6/26/2026
BR,I3,U-V,0.7,0.89,600, 6/26/2026
BR,IF,U-V,0.9,0.99,2300, 6/26/2026
BR,VVS1,U-V,0.9,0.99,2000, 6/26/2026
BR,VVS2,U-V,0.9,0.99,1800, 6/26/2026
BR,VS1,U-V,0.9,0.99,1700, 6/26/2026
BR,VS2,U-V,0.9,0.99,1600, 6/26/2026
BR,SI1,U-V,0.9,0.99,1500, 6/26/2026
BR,SI2,U-V,0.9,0.99,1400, 6/26/2026
BR,SI3,U-V,0.9,0.99,1400, 6/26/2026
BR,I1,U-V,0.9,0.99,1300, 6/26/2026
BR,I2,U-V,0.9,0.99,1000, 6/26/2026
BR,I3,U-V,0.9,0.99,700, 6/26/2026
BR,IF,U-V,1,1.49,2500, 6/26/2026
BR,VVS1,U-V,1,1.49,2300, 6/26/2026
BR,VVS2,U-V,1,1.49,2200, 6/26/2026
BR,VS1,U-V,1,1.49,2100, 6/26/2026
BR,VS2,U-V,1,1.49,1900, 6/26/2026
BR,SI1,U-V,1,1.49,1700, 6/26/2026
BR,SI2,U-V,1,1.49,1600, 6/26/2026
BR,SI3,U-V,1,1.49,1500, 6/26/2026
BR,I1,U-V,1,1.49,1400, 6/26/2026
BR,I2,U-V,1,1.49,1400, 6/26/2026
BR,I3,U-V,1,1.49,1000, 6/26/2026
BR,IF,U-V,1.5,1.99,4400, 6/26/2026
BR,VVS1,U-V,1.5,1.99,3900, 6/26/2026
BR,VVS2,U-V,1.5,1.99,3700, 6/26/2026
BR,VS1,U-V,1.5,1.99,3400, 6/26/2026
BR,VS2,U-V,1.5,1.99,3200, 6/26/2026
BR,SI1,U-V,1.5,1.99,3000, 6/26/2026
BR,SI2,U-V,1.5,1.99,2900, 6/26/2026
BR,SI3,U-V,1.5,1.99,2700, 6/26/2026
BR,I1,U-V,1.5,1.99,2600, 6/26/2026
BR,I2,U-V,1.5,1.99,2100, 6/26/2026
BR,I3,U-V,1.5,1.99,1200, 6/26/2026
BR,IF,U-V,2,2.99,6800, 6/26/2026
BR,VVS1,U-V,2,2.99,6300, 6/26/2026
BR,VVS2,U-V,2,2.99,5700, 6/26/2026
BR,VS1,U-V,2,2.99,5400, 6/26/2026
BR,VS2,U-V,2,2.99,4800, 6/26/2026
BR,SI1,U-V,2,2.99,4500, 6/26/2026
BR,SI2,U-V,2,2.99,4200, 6/26/2026
BR,SI3,U-V,2,2.99,4000, 6/26/2026
BR,I1,U-V,2,2.99,3800, 6/26/2026
BR,I2,U-V,2,2.99,2600, 6/26/2026
BR,I3,U-V,2,2.99,1300, 6/26/2026
BR,IF,U-V,3,3.99,9500, 6/26/2026
BR,VVS1,U-V,3,3.99,9100, 6/26/2026
BR,VVS2,U-V,3,3.99,8700, 6/26/2026
BR,VS1,U-V,3,3.99,8300, 6/26/2026
BR,VS2,U-V,3,3.99,7900, 6/26/2026
BR,SI1,U-V,3,3.99,7500, 6/26/2026
BR,SI2,U-V,3,3.99,6700, 6/26/2026
BR,SI3,U-V,3,3.99,5800, 6/26/2026
BR,I1,U-V,3,3.99,4700, 6/26/2026
BR,I2,U-V,3,3.99,3000, 6/26/2026
BR,I3,U-V,3,3.99,1400, 6/26/2026
BR,IF,U-V,4,4.99,12500, 6/26/2026
BR,VVS1,U-V,4,4.99,11500, 6/26/2026
BR,VVS2,U-V,4,4.99,10500, 6/26/2026
BR,VS1,U-V,4,4.99,10000, 6/26/2026
BR,VS2,U-V,4,4.99,9500, 6/26/2026
BR,SI1,U-V,4,4.99,9000, 6/26/2026
BR,SI2,U-V,4,4.99,8000, 6/26/2026
BR,SI3,U-V,4,4.99,6500, 6/26/2026
BR,I1,U-V,4,4.99,5000, 6/26/2026
BR,I2,U-V,4,4.99,3200, 6/26/2026
BR,I3,U-V,4,4.99,1600, 6/26/2026
BR,IF,U-V,5,9.99,15000, 6/26/2026
BR,VVS1,U-V,5,9.99,14000, 6/26/2026
BR,VVS2,U-V,5,9.99,13000, 6/26/2026
BR,VS1,U-V,5,9.99,12500, 6/26/2026
BR,VS2,U-V,5,9.99,12000, 6/26/2026
BR,SI1,U-V,5,9.99,11000, 6/26/2026
BR,SI2,U-V,5,9.99,10000, 6/26/2026
BR,SI3,U-V,5,9.99,8000, 6/26/2026
BR,I1,U-V,5,9.99,6000, 6/26/2026
BR,I2,U-V,5,9.99,3400, 6/26/2026
BR,I3,U-V,5,9.99,1600, 6/26/2026
BR,IF,U-V,10,99,22500, 6/26/2026
BR,VVS1,U-V,10,99,21000, 6/26/2026
BR,VVS2,U-V,10,99,19500, 6/26/2026
BR,VS1,U-V,10,99,18500, 6/26/2026
BR,VS2,U-V,10,99,17500, 6/26/2026
BR,SI1,U-V,10,99,16500, 6/26/2026
BR,SI2,U-V,10,99,14000, 6/26/2026
BR,SI3,U-V,10,99,10500, 6/26/2026
BR,I1,U-V,10,99,7500, 6/26/2026
BR,I2,U-V,10,99,4300, 6/26/2026
BR,I3,U-V,10,99,1800, 6/26/2026
BR,IF,W-X,0.3,0.39,900, 6/26/2026
BR,VVS1,W-X,0.3,0.39,800, 6/26/2026
BR,VVS2,W-X,0.3,0.39,800, 6/26/2026
BR,VS1,W-X,0.3,0.39,700, 6/26/2026
BR,VS2,W-X,0.3,0.39,700, 6/26/2026
BR,SI1,W-X,0.3,0.39,700, 6/26/2026
BR,SI2,W-X,0.3,0.39,600, 6/26/2026
BR,SI3,W-X,0.3,0.39,500, 6/26/2026
BR,I1,W-X,0.3,0.39,500, 6/26/2026
BR,I2,W-X,0.3,0.39,400, 6/26/2026
BR,I3,W-X,0.3,0.39,300, 6/26/2026
BR,IF,W-X,0.4,0.49,1100, 6/26/2026
BR,VVS1,W-X,0.4,0.49,1000, 6/26/2026
BR,VVS2,W-X,0.4,0.49,900, 6/26/2026
BR,VS1,W-X,0.4,0.49,800, 6/26/2026
BR,VS2,W-X,0.4,0.49,800, 6/26/2026
BR,SI1,W-X,0.4,0.49,800, 6/26/2026
BR,SI2,W-X,0.4,0.49,700, 6/26/2026
BR,SI3,W-X,0.4,0.49,600, 6/26/2026
BR,I1,W-X,0.4,0.49,500, 6/26/2026
BR,I2,W-X,0.4,0.49,500, 6/26/2026
BR,I3,W-X,0.4,0.49,400, 6/26/2026
BR,IF,W-X,0.5,0.69,1300, 6/26/2026
BR,VVS1,W-X,0.5,0.69,1200, 6/26/2026
BR,VVS2,W-X,0.5,0.69,1100, 6/26/2026
BR,VS1,W-X,0.5,0.69,1000, 6/26/2026
BR,VS2,W-X,0.5,0.69,900, 6/26/2026
BR,SI1,W-X,0.5,0.69,900, 6/26/2026
BR,SI2,W-X,0.5,0.69,800, 6/26/2026
BR,SI3,W-X,0.5,0.69,800, 6/26/2026
BR,I1,W-X,0.5,0.69,800, 6/26/2026
BR,I2,W-X,0.5,0.69,600, 6/26/2026
BR,I3,W-X,0.5,0.69,500, 6/26/2026
BR,IF,W-X,0.7,0.89,1600, 6/26/2026
BR,VVS1,W-X,0.7,0.89,1400, 6/26/2026
BR,VVS2,W-X,0.7,0.89,1300, 6/26/2026
BR,VS1,W-X,0.7,0.89,1200, 6/26/2026
BR,VS2,W-X,0.7,0.89,1100, 6/26/2026
BR,SI1,W-X,0.7,0.89,1100, 6/26/2026
BR,SI2,W-X,0.7,0.89,1000, 6/26/2026
BR,SI3,W-X,0.7,0.89,1000, 6/26/2026
BR,I1,W-X,0.7,0.89,1000, 6/26/2026
BR,I2,W-X,0.7,0.89,700, 6/26/2026
BR,I3,W-X,0.7,0.89,600, 6/26/2026
BR,IF,W-X,0.9,0.99,2300, 6/26/2026
BR,VVS1,W-X,0.9,0.99,2000, 6/26/2026
BR,VVS2,W-X,0.9,0.99,1800, 6/26/2026
BR,VS1,W-X,0.9,0.99,1700, 6/26/2026
BR,VS2,W-X,0.9,0.99,1600, 6/26/2026
BR,SI1,W-X,0.9,0.99,1500, 6/26/2026
BR,SI2,W-X,0.9,0.99,1400, 6/26/2026
BR,SI3,W-X,0.9,0.99,1400, 6/26/2026
BR,I1,W-X,0.9,0.99,1300, 6/26/2026
BR,I2,W-X,0.9,0.99,1000, 6/26/2026
BR,I3,W-X,0.9,0.99,700, 6/26/2026
BR,IF,W-X,1,1.49,2500, 6/26/2026
BR,VVS1,W-X,1,1.49,2300, 6/26/2026
BR,VVS2,W-X,1,1.49,2200, 6/26/2026
BR,VS1,W-X,1,1.49,2100, 6/26/2026
BR,VS2,W-X,1,1.49,1900, 6/26/2026
BR,SI1,W-X,1,1.49,1700, 6/26/2026
BR,SI2,W-X,1,1.49,1600, 6/26/2026
BR,SI3,W-X,1,1.49,1500, 6/26/2026
BR,I1,W-X,1,1.49,1400, 6/26/2026
BR,I2,W-X,1,1.49,1400, 6/26/2026
BR,I3,W-X,1,1.49,1000, 6/26/2026
BR,IF,W-X,1.5,1.99,4400, 6/26/2026
BR,VVS1,W-X,1.5,1.99,3900, 6/26/2026
BR,VVS2,W-X,1.5,1.99,3700, 6/26/2026
BR,VS1,W-X,1.5,1.99,3400, 6/26/2026
BR,VS2,W-X,1.5,1.99,3200, 6/26/2026
BR,SI1,W-X,1.5,1.99,3000, 6/26/2026
BR,SI2,W-X,1.5,1.99,2900, 6/26/2026
BR,SI3,W-X,1.5,1.99,2700, 6/26/2026
BR,I1,W-X,1.5,1.99,2600, 6/26/2026
BR,I2,W-X,1.5,1.99,2100, 6/26/2026
BR,I3,W-X,1.5,1.99,1200, 6/26/2026
BR,IF,W-X,2,2.99,6800, 6/26/2026
BR,VVS1,W-X,2,2.99,6300, 6/26/2026
BR,VVS2,W-X,2,2.99,5700, 6/26/2026
BR,VS1,W-X,2,2.99,5400, 6/26/2026
BR,VS2,W-X,2,2.99,4800, 6/26/2026
BR,SI1,W-X,2,2.99,4500, 6/26/2026
BR,SI2,W-X,2,2.99,4200, 6/26/2026
BR,SI3,W-X,2,2.99,4000, 6/26/2026
BR,I1,W-X,2,2.99,3800, 6/26/2026
BR,I2,W-X,2,2.99,2600, 6/26/2026
BR,I3,W-X,2,2.99,1300, 6/26/2026
BR,IF,W-X,3,3.99,9500, 6/26/2026
BR,VVS1,W-X,3,3.99,9100, 6/26/2026
BR,VVS2,W-X,3,3.99,8700, 6/26/2026
BR,VS1,W-X,3,3.99,8300, 6/26/2026
BR,VS2,W-X,3,3.99,7900, 6/26/2026
BR,SI1,W-X,3,3.99,7500, 6/26/2026
BR,SI2,W-X,3,3.99,6700, 6/26/2026
BR,SI3,W-X,3,3.99,5800, 6/26/2026
BR,I1,W-X,3,3.99,4700, 6/26/2026
BR,I2,W-X,3,3.99,3000, 6/26/2026
BR,I3,W-X,3,3.99,1400, 6/26/2026
BR,IF,W-X,4,4.99,12500, 6/26/2026
BR,VVS1,W-X,4,4.99,11500, 6/26/2026
BR,VVS2,W-X,4,4.99,10500, 6/26/2026
BR,VS1,W-X,4,4.99,10000, 6/26/2026
BR,VS2,W-X,4,4.99,9500, 6/26/2026
BR,SI1,W-X,4,4.99,9000, 6/26/2026
BR,SI2,W-X,4,4.99,8000, 6/26/2026
BR,SI3,W-X,4,4.99,6500, 6/26/2026
BR,I1,W-X,4,4.99,5000, 6/26/2026
BR,I2,W-X,4,4.99,3200, 6/26/2026
BR,I3,W-X,4,4.99,1600, 6/26/2026
BR,IF,W-X,5,9.99,15000, 6/26/2026
BR,VVS1,W-X,5,9.99,14000, 6/26/2026
BR,VVS2,W-X,5,9.99,13000, 6/26/2026
BR,VS1,W-X,5,9.99,12500, 6/26/2026
BR,VS2,W-X,5,9.99,12000, 6/26/2026
BR,SI1,W-X,5,9.99,11000, 6/26/2026
BR,SI2,W-X,5,9.99,10000, 6/26/2026
BR,SI3,W-X,5,9.99,8000, 6/26/2026
BR,I1,W-X,5,9.99,6000, 6/26/2026
BR,I2,W-X,5,9.99,3400, 6/26/2026
BR,I3,W-X,5,9.99,1600, 6/26/2026
BR,IF,W-X,10,99,22500, 6/26/2026
BR,VVS1,W-X,10,99,21000, 6/26/2026
BR,VVS2,W-X,10,99,19500, 6/26/2026
BR,VS1,W-X,10,99,18500, 6/26/2026
BR,VS2,W-X,10,99,17500, 6/26/2026
BR,SI1,W-X,10,99,16500, 6/26/2026
BR,SI2,W-X,10,99,14000, 6/26/2026
BR,SI3,W-X,10,99,10500, 6/26/2026
BR,I1,W-X,10,99,7500, 6/26/2026
BR,I2,W-X,10,99,4300, 6/26/2026
BR,I3,W-X,10,99,1800, 6/26/2026
BR,IF,Y-Z,0.3,0.39,900, 6/26/2026
BR,VVS1,Y-Z,0.3,0.39,800, 6/26/2026
BR,VVS2,Y-Z,0.3,0.39,800, 6/26/2026
BR,VS1,Y-Z,0.3,0.39,700, 6/26/2026
BR,VS2,Y-Z,0.3,0.39,700, 6/26/2026
BR,SI1,Y-Z,0.3,0.39,700, 6/26/2026
BR,SI2,Y-Z,0.3,0.39,600, 6/26/2026
BR,SI3,Y-Z,0.3,0.39,500, 6/26/2026
BR,I1,Y-Z,0.3,0.39,500, 6/26/2026
BR,I2,Y-Z,0.3,0.39,400, 6/26/2026
BR,I3,Y-Z,0.3,0.39,300, 6/26/2026
BR,IF,Y-Z,0.4,0.49,1100, 6/26/2026
BR,VVS1,Y-Z,0.4,0.49,1000, 6/26/2026
BR,VVS2,Y-Z,0.4,0.49,900, 6/26/2026
BR,VS1,Y-Z,0.4,0.49,800, 6/26/2026
BR,VS2,Y-Z,0.4,0.49,800, 6/26/2026
BR,SI1,Y-Z,0.4,0.49,800, 6/26/2026
BR,SI2,Y-Z,0.4,0.49,700, 6/26/2026
BR,SI3,Y-Z,0.4,0.49,600, 6/26/2026
BR,I1,Y-Z,0.4,0.49,500, 6/26/2026
BR,I2,Y-Z,0.4,0.49,500, 6/26/2026
BR,I3,Y-Z,0.4,0.49,400, 6/26/2026
BR,IF,Y-Z,0.5,0.69,1300, 6/26/2026
BR,VVS1,Y-Z,0.5,0.69,1200, 6/26/2026
BR,VVS2,Y-Z,0.5,0.69,1100, 6/26/2026
BR,VS1,Y-Z,0.5,0.69,1000, 6/26/2026
BR,VS2,Y-Z,0.5,0.69,900, 6/26/2026
BR,SI1,Y-Z,0.5,0.69,900, 6/26/2026
BR,SI2,Y-Z,0.5,0.69,800, 6/26/2026
BR,SI3,Y-Z,0.5,0.69,800, 6/26/2026
BR,I1,Y-Z,0.5,0.69,800, 6/26/2026
BR,I2,Y-Z,0.5,0.69,600, 6/26/2026
BR,I3,Y-Z,0.5,0.69,500, 6/26/2026
BR,IF,Y-Z,0.7,0.89,1600, 6/26/2026
BR,VVS1,Y-Z,0.7,0.89,1400, 6/26/2026
BR,VVS2,Y-Z,0.7,0.89,1300, 6/26/2026
BR,VS1,Y-Z,0.7,0.89,1200, 6/26/2026
BR,VS2,Y-Z,0.7,0.89,1100, 6/26/2026
BR,SI1,Y-Z,0.7,0.89,1100, 6/26/2026
BR,SI2,Y-Z,0.7,0.89,1000, 6/26/2026
BR,SI3,Y-Z,0.7,0.89,1000, 6/26/2026
BR,I1,Y-Z,0.7,0.89,1000, 6/26/2026
BR,I2,Y-Z,0.7,0.89,700, 6/26/2026
BR,I3,Y-Z,0.7,0.89,600, 6/26/2026
BR,IF,Y-Z,0.9,0.99,2300, 6/26/2026
BR,VVS1,Y-Z,0.9,0.99,2000, 6/26/2026
BR,VVS2,Y-Z,0.9,0.99,1800, 6/26/2026
BR,VS1,Y-Z,0.9,0.99,1700, 6/26/2026
BR,VS2,Y-Z,0.9,0.99,1600, 6/26/2026
BR,SI1,Y-Z,0.9,0.99,1500, 6/26/2026
BR,SI2,Y-Z,0.9,0.99,1400, 6/26/2026
BR,SI3,Y-Z,0.9,0.99,1400, 6/26/2026
BR,I1,Y-Z,0.9,0.99,1300, 6/26/2026
BR,I2,Y-Z,0.9,0.99,1000, 6/26/2026
BR,I3,Y-Z,0.9,0.99,700, 6/26/2026
BR,IF,Y-Z,1,1.49,2500, 6/26/2026
BR,VVS1,Y-Z,1,1.49,2300, 6/26/2026
BR,VVS2,Y-Z,1,1.49,2200, 6/26/2026
BR,VS1,Y-Z,1,1.49,2100, 6/26/2026
BR,VS2,Y-Z,1,1.49,1900, 6/26/2026
BR,SI1,Y-Z,1,1.49,1700, 6/26/2026
BR,SI2,Y-Z,1,1.49,1600, 6/26/2026
BR,SI3,Y-Z,1,1.49,1500, 6/26/2026
BR,I1,Y-Z,1,1.49,1400, 6/26/2026
BR,I2,Y-Z,1,1.49,1400, 6/26/2026
BR,I3,Y-Z,1,1.49,1000, 6/26/2026
BR,IF,Y-Z,1.5,1.99,4400, 6/26/2026
BR,VVS1,Y-Z,1.5,1.99,3900, 6/26/2026
BR,VVS2,Y-Z,1.5,1.99,3700, 6/26/2026
BR,VS1,Y-Z,1.5,1.99,3400, 6/26/2026
BR,VS2,Y-Z,1.5,1.99,3200, 6/26/2026
BR,SI1,Y-Z,1.5,1.99,3000, 6/26/2026
BR,SI2,Y-Z,1.5,1.99,2900, 6/26/2026
BR,SI3,Y-Z,1.5,1.99,2700, 6/26/2026
BR,I1,Y-Z,1.5,1.99,2600, 6/26/2026
BR,I2,Y-Z,1.5,1.99,2100, 6/26/2026
BR,I3,Y-Z,1.5,1.99,1200, 6/26/2026
BR,IF,Y-Z,2,2.99,6800, 6/26/2026
BR,VVS1,Y-Z,2,2.99,6300, 6/26/2026
BR,VVS2,Y-Z,2,2.99,5700, 6/26/2026
BR,VS1,Y-Z,2,2.99,5400, 6/26/2026
BR,VS2,Y-Z,2,2.99,4800, 6/26/2026
BR,SI1,Y-Z,2,2.99,4500, 6/26/2026
BR,SI2,Y-Z,2,2.99,4200, 6/26/2026
BR,SI3,Y-Z,2,2.99,4000, 6/26/2026
BR,I1,Y-Z,2,2.99,3800, 6/26/2026
BR,I2,Y-Z,2,2.99,2600, 6/26/2026
BR,I3,Y-Z,2,2.99,1300, 6/26/2026
BR,IF,Y-Z,3,3.99,9500, 6/26/2026
BR,VVS1,Y-Z,3,3.99,9100, 6/26/2026
BR,VVS2,Y-Z,3,3.99,8700, 6/26/2026
BR,VS1,Y-Z,3,3.99,8300, 6/26/2026
BR,VS2,Y-Z,3,3.99,7900, 6/26/2026
BR,SI1,Y-Z,3,3.99,7500, 6/26/2026
BR,SI2,Y-Z,3,3.99,6700, 6/26/2026
BR,SI3,Y-Z,3,3.99,5800, 6/26/2026
BR,I1,Y-Z,3,3.99,4700, 6/26/2026
BR,I2,Y-Z,3,3.99,3000, 6/26/2026
BR,I3,Y-Z,3,3.99,1400, 6/26/2026
BR,IF,Y-Z,4,4.99,12500, 6/26/2026
BR,VVS1,Y-Z,4,4.99,11500, 6/26/2026
BR,VVS2,Y-Z,4,4.99,10500, 6/26/2026
BR,VS1,Y-Z,4,4.99,10000, 6/26/2026
BR,VS2,Y-Z,4,4.99,9500, 6/26/2026
BR,SI1,Y-Z,4,4.99,9000, 6/26/2026
BR,SI2,Y-Z,4,4.99,8000, 6/26/2026
BR,SI3,Y-Z,4,4.99,6500, 6/26/2026
BR,I1,Y-Z,4,4.99,5000, 6/26/2026
BR,I2,Y-Z,4,4.99,3200, 6/26/2026
BR,I3,Y-Z,4,4.99,1600, 6/26/2026
BR,IF,Y-Z,5,9.99,15000, 6/26/2026
BR,VVS1,Y-Z,5,9.99,14000, 6/26/2026
BR,VVS2,Y-Z,5,9.99,13000, 6/26/2026
BR,VS1,Y-Z,5,9.99,12500, 6/26/2026
BR,VS2,Y-Z,5,9.99,12000, 6/26/2026
BR,SI1,Y-Z,5,9.99,11000, 6/26/2026
BR,SI2,Y-Z,5,9.99,10000, 6/26/2026
BR,SI3,Y-Z,5,9.99,8000, 6/26/2026
BR,I1,Y-Z,5,9.99,6000, 6/26/2026
BR,I2,Y-Z,5,9.99,3400, 6/26/2026
BR,I3,Y-Z,5,9.99,1600, 6/26/2026
BR,IF,Y-Z,10,99,22500, 6/26/2026
BR,VVS1,Y-Z,10,99,21000, 6/26/2026
BR,VVS2,Y-Z,10,99,19500, 6/26/2026
BR,VS1,Y-Z,10,99,18500, 6/26/2026
BR,VS2,Y-Z,10,99,17500, 6/26/2026
BR,SI1,Y-Z,10,99,16500, 6/26/2026
BR,SI2,Y-Z,10,99,14000, 6/26/2026
BR,SI3,Y-Z,10,99,10500, 6/26/2026
BR,I1,Y-Z,10,99,7500, 6/26/2026
BR,I2,Y-Z,10,99,4300, 6/26/2026
BR,I3,Y-Z,10,99,1800, 6/26/2026
